__pctls__	ACCESS1-0	concsoa	0	3.66570298593e-09	1.35517137789e-09	4.65056903404e-10	9.82498908619e-11	1.85242229542e-11	0.0	0.0	0.0	0.0
__pctls__	ACCESS1-3	concsoa	0	3.65525664625e-09	1.3543303351e-09	4.64119312427e-10	9.80938386075e-11	1.84730460095e-11	0.0	0.0	0.0	0.0
__pctls__	GFDL-CM3	concsoa	0	4.87288568607e-10	2.56383967528e-10	9.09862856932e-11	4.72471687425e-12	7.18310339595e-13	5.96314523707e-14	1.74765435771e-15	2.33616021147e-16	2.30227423582e-16
__pctls__	GISS-E2-H	concsoa	841	1.30889430189e-09	3.43101042577e-10	1.41375765261e-10	4.90529067018e-11	6.36587494957e-12	3.6722928775e-14	8.25381466953e-22	3.29737089798e-23	4.71974254039e-24
__pctls__	GISS-E2-R	concsoa	573	1.39718116793e-09	3.57145546748e-10	1.44445274491e-10	5.28430940498e-11	7.03644553648e-12	4.21658760967e-14	1.02358197674e-21	3.90900687548e-23	5.41599500072e-24
__pctls__	HadGEM2-CC	concsoa	0	3.24094368154e-09	1.01331357583e-09	3.3238356581e-10	4.7974822899e-11	0.0	0.0	0.0	0.0	0.0
__pctls__	HadGEM2-ES	concsoa	0	3.69369650066e-09	1.37414741863e-09	4.7320431254e-10	1.04008497127e-10	1.57638539808e-11	0.0	0.0	0.0	0.0
ACCESS1-0	concsoa	2	0.0	9.12048e-09	7.51184e-11	1.795e-10	kg m-3
ACCESS1-3	concsoa	2	0.0	9.15112e-09	7.50619e-11	1.79437e-10	kg m-3
GFDL-CM3	concsoa	1	1.94116e-16	1.41953e-09	1.22496e-11	1.84622e-11	kg m-3
GISS-E2-H	concsoa	0	5.15488e-26	3.57002e-08	2.57470419767e-11	7.61178669765e-11	kg m-3
GISS-E2-R	concsoa	0	7.55978e-26	2.67356e-08	2.75594412755e-11	7.66104667751e-11	kg m-3
HadGEM2-CC	concsoa	2	0.0	8.95556e-09	4.72733e-11	1.12898e-10	kg m-3
HadGEM2-ES	concsoa	2	0.0	8.98762e-09	7.45464e-11	1.78123e-10	kg m-3
cluster	concsoa	0	6.35733e-26	3.12179e-08	0	0	
cluster	concsoa	1	1.94116e-16	1.41953e-09	0	0	
cluster	concsoa	2	0.0	9.0537e-09	0	0	
__pctls__	ACCESS1-0	concbc	0	1.04510178583e-09	2.85756523166e-10	1.18791709455e-10	1.66992988448e-11	2.18678086706e-12	9.7247851319e-13	2.27593944244e-14	1.28949279912e-22	7.54904869676e-23
__pctls__	ACCESS1-3	concbc	0	9.4405473966e-10	2.63747200885e-10	1.06162297529e-10	1.06284547136e-11	9.15996364046e-13	1.7556912006e-13	4.71133941652e-15	3.05042967463e-23	1.75404251242e-23
__pctls__	CSIRO-Mk3-6-0	concbc	0	1.1335534289e-09	3.18942428024e-10	9.28284116242e-11	2.70232725086e-11	6.47570885803e-12	2.61056801176e-12	6.45657233732e-14	6.45657233732e-14	6.45657233732e-14
__pctls__	GFDL-CM3	concbc	0	6.13344965678e-10	1.7388357941e-10	3.69063178456e-11	6.12821730481e-13	1.90695454973e-15	5.82982808842e-17	1.54111465714e-18	2.05622273391e-19	2.02712200033e-19
__pctls__	GISS-E2-H	concbc	682	7.68002108104e-10	1.61648503888e-10	2.96465330583e-11	4.36304876776e-12	7.32451168402e-13	9.31484376733e-14	2.86536357632e-17	3.99679303341e-19	2.1360964049e-20
__pctls__	GISS-E2-R	concbc	530	7.35178904004e-10	1.52890800367e-10	2.92271137847e-11	3.93127685353e-12	7.50083073995e-13	8.91785484095e-14	2.80241808474e-17	4.23056051715e-19	1.58896729799e-20
__pctls__	HadGEM2-CC	concbc	0	8.81397316105e-10	2.34124510196e-10	9.77709087302e-11	4.58759029029e-12	1.04757541075e-12	4.34632345339e-14	2.45066431036e-16	2.63413100288e-25	2.3044527718e-25
__pctls__	HadGEM2-ES	concbc	0	1.04342523405e-09	2.8982311176e-10	1.16814351248e-10	1.96697729719e-11	2.65050432774e-12	1.1499963037e-12	2.37015768696e-14	1.32170032065e-22	7.60176700856e-23
__pctls__	IPSL-CM5A-LR	concbc	0	4.94769998999e-10	1.23626901286e-10	2.19103723012e-11	2.83691375513e-12	6.90317987777e-13	3.24019900944e-14	6.67793469956e-15	4.84549750279e-15	3.90868223378e-15
__pctls__	IPSL-CM5A-MR	concbc	0	5.49547865159e-10	1.27242639411e-10	2.37382522927e-11	2.99231844273e-12	6.82811744429e-13	3.4303105146e-14	6.73529937064e-15	4.96387332178e-15	4.09426029791e-15
__pctls__	IPSL-CM5B-LR	concbc	0	4.942105645e-10	1.23741768637e-10	2.19661415359e-11	2.83426252845e-12	6.87967383257e-13	3.20272445073e-14	6.62479989926e-15	4.80852282058e-15	3.90905013005e-15
__pctls__	MIROC-ESM	concbc	0	3.23321852069e-10	7.52138390805e-11	1.2546453221e-11	8.86755716057e-13	4.70824280171e-13	1.86391734566e-13	5.48518101972e-15	1.95891238451e-16	1.57754526296e-16
__pctls__	MIROC-ESM-CHEM	concbc	0	3.27217330232e-10	7.5357541908e-11	1.28578869774e-11	9.24376989341e-13	4.77827358843e-13	1.95546236267e-13	5.73453714324e-15	1.9070484248e-16	1.67741249885e-16
__pctls__	MIROC4h	concbc	0	9.40480157086e-10	1.97060750634e-10	3.1019173341e-11	5.00135604589e-13	1.61697071748e-13	5.424604315e-14	3.30375261674e-16	3.23666426551e-17	2.40108446102e-17
__pctls__	MIROC5	concbc	0	4.81929679608e-10	1.2638317802e-10	2.73698234216e-11	2.45149766372e-12	6.65236583267e-13	2.150621244e-13	1.59284926896e-14	5.36310176092e-15	4.88768673158e-15
__pctls__	MRI-CGCM3	concbc	0	6.63977093807e-10	1.41119742697e-10	2.23757805253e-11	1.571836533e-12	1.91636383005e-13	1.05630685761e-14	4.37978616148e-18	1.81544699313e-20	2.00098933411e-21
__pctls__	MRI-ESM1	concbc	0	7.17702400677e-10	1.52412918397e-10	2.32691084283e-11	1.66446675507e-12	2.13687550863e-13	1.21631251425e-14	5.46608931068e-18	2.44895015412e-20	1.763335533e-21
__pctls__	NorESM1-M	concbc	0	4.96551433832e-10	9.70387589727e-11	2.20516453188e-11	4.59695015343e-12	1.29404348565e-12	3.5024130338e-13	7.46767632879e-15	1.67898420871e-15	5.03688478304e-16
__pctls__	NorESM1-ME	concbc	0	4.95498888808e-10	9.69807016291e-11	2.23794888871e-11	4.70491608997e-12	1.32883591283e-12	3.44415878331e-13	7.73162888404e-15	1.70496043916e-15	5.11257652627e-16
ACCESS1-0	concbc	2	3.35536e-23	2.51873e-08	9.39301e-12	4.61845e-11	kg m-3
ACCESS1-3	concbc	0	7.5617e-24	1.27969e-08	7.21009e-12	3.98354e-11	kg m-3
CSIRO-Mk3-6-0	concbc	0	5.57002e-14	1.40631e-08	1.35534e-11	4.92965e-11	kg m-3
GFDL-CM3	concbc	1	1.76404e-19	7.72835e-09	4.41271e-12	1.93713e-11	kg m-3
GISS-E2-H	concbc	0	1.9589e-22	1.67935e-08	5.30432036635e-12	1.70710615802e-11	kg m-3
GISS-E2-R	concbc	0	2.48845e-22	1.35372e-08	4.57792339408e-12	1.76097463279e-11	kg m-3
HadGEM2-CC	concbc	2	1.16285e-25	2.67879e-08	8.38511e-12	2.73046e-11	kg m-3
HadGEM2-ES	concbc	0	3.69399e-23	1.87494e-08	1.09733e-11	4.1904e-11	kg m-3
IPSL-CM5A-LR	concbc	1	2.10667e-15	4.05099e-09	4.04197e-12	1.04036e-11	kg m-3
IPSL-CM5A-MR	concbc	1	1.98296e-15	4.21135e-09	4.10441e-12	1.57387e-11	kg m-3
IPSL-CM5B-LR	concbc	1	2.13476e-15	3.97488e-09	4.04422e-12	1.04164e-11	kg m-3
MIROC-ESM	concbc	1	3.5182e-17	2.37779e-09	3.18154e-12	6.743e-12	kg m-3
MIROC-ESM-CHEM	concbc	1	3.20135e-17	2.56781e-09	3.30142e-12	6.83421e-12	kg m-3
MIROC4h	concbc	0	1.21649e-18	1.43409e-08	5.70683e-12	1.59579e-11	kg m-3
MIROC5	concbc	1	1.18912e-16	8.8457e-09	3.04861e-12	2.05186e-11	kg m-3
MRI-CGCM3	concbc	1	3.80774e-24	8.73319e-09	3.58949e-12	1.27678e-11	kg m-3
MRI-ESM1	concbc	1	3.31468e-23	8.82902e-09	4.22591e-12	1.2827e-11	kg m-3
NorESM1-M	concbc	1	2.62246e-17	5.85538e-09	3.87375e-12	1.17895e-11	kg m-3
NorESM1-ME	concbc	1	2.49488e-17	5.75028e-09	3.99189e-12	1.17296e-11	kg m-3
cluster	concbc	0	9.28356e-15	1.50468e-08	0	0	
cluster	concbc	1	5.8744e-16	5.72043e-09	0	0	
cluster	concbc	2	1.68349e-23	2.59876e-08	0	0	
__pctls__	ACCESS1-0	concbb	0	8.58736382359e-09	1.49197935395e-09	2.05570040851e-10	8.24277647006e-12	5.05911217324e-13	1.6068115483e-14	4.43799322088e-16	5.12712629082e-24	3.14191714975e-24
__pctls__	ACCESS1-3	concbb	0	7.55763421756e-09	1.09478072163e-09	1.26948733817e-10	3.31912687439e-12	1.23059114981e-13	4.18532500002e-15	6.55248688669e-17	9.67094201493e-25	5.74681025074e-25
__pctls__	GISS-E2-H	concbb	841	3.40086365391e-09	3.56194323342e-10	5.00539726854e-11	3.02451756674e-12	2.55783031745e-13	2.57621616601e-15	5.5277282989e-22	3.62496944824e-25	2.30946974018e-26
__pctls__	GISS-E2-R	concbb	512	3.42935116748e-09	3.62059778686e-10	5.69168644507e-11	3.46595153836e-12	2.43484797754e-13	2.11535427444e-15	4.84827785739e-22	3.20290703716e-25	1.8585645383e-26
__pctls__	HadGEM2-CC	concbb	0	6.35532780957e-09	8.83184063105e-10	1.00108056914e-10	1.31982127321e-12	9.56332871746e-15	5.69130362539e-17	1.90599324452e-19	8.08609012156e-26	7.30543625926e-26
__pctls__	HadGEM2-ES	concbb	0	8.06310769175e-09	1.40145212102e-09	1.90174204162e-10	7.40747860186e-12	4.15830462782e-13	1.71920701823e-14	4.50726824723e-16	5.61918577147e-23	3.48094638618e-23
ACCESS1-0	concbb	0	1.6571e-24	3.84977e-07	3.6009e-11	2.18339e-10	kg m-3
ACCESS1-3	concbb	2	2.8754e-25	3.63291e-07	3.05987e-11	1.67579e-10	kg m-3
GISS-E2-H	concbb	1	1.08233e-27	1.38581e-07	1.02404739785e-11	6.66360156934e-11	kg m-3
GISS-E2-R	concbb	1	9.23237e-28	1.37453e-07	1.05739108144e-11	6.81475673103e-11	kg m-3
HadGEM2-CC	concbb	0	4.93193e-26	3.81377e-07	2.27936e-11	1.1678e-10	kg m-3
HadGEM2-ES	concbb	0	2.18886e-23	3.88138e-07	3.9227e-11	1.69086e-10	kg m-3
cluster	concbb	0	7.86501e-24	3.84831e-07	0	0	
cluster	concbb	1	1.00279e-27	1.38017e-07	0	0	
cluster	concbb	2	2.8754e-25	3.63291e-07	0	0	
__pctls__	ACCESS1-0	concss	0	1.22193078553e-07	9.2010662236e-08	5.53561092076e-08	0.0	0.0	0.0	0.0	0.0	0.0
__pctls__	ACCESS1-3	concss	0	1.21833308448e-07	9.17759899366e-08	5.53319774887e-08	0.0	0.0	0.0	0.0	0.0	0.0
__pctls__	GFDL-CM3	concss	0	4.82884280313e-08	2.92316760042e-08	1.09671932425e-08	4.11749644796e-11	1.27283815684e-15	1.18608266326e-22	1.59491623385e-34	0.0	0.0
__pctls__	GISS-E2-H	concss	771	6.301472866e-08	3.02755736925e-08	4.16251052515e-09	7.42910143126e-11	1.22698936243e-13	1.3863605066e-19	5.95583849242e-30	6.71763335953e-34	1.09003114663e-34
__pctls__	GISS-E2-R	concss	573	6.447357433e-08	3.14399893142e-08	4.6275074217e-09	8.82305175101e-11	9.16551041877e-14	1.13318554654e-19	5.01701538122e-30	5.99839967016e-34	1.06641644403e-34
__pctls__	HadGEM2-CC	concss	0	1.15735277554e-07	8.30437116761e-08	3.6104833967e-08	0.0	0.0	0.0	0.0	0.0	0.0
__pctls__	HadGEM2-ES	concss	0	1.22223114076e-07	9.22555135574e-08	5.64075140375e-08	0.0	0.0	0.0	0.0	0.0	0.0
__pctls__	IPSL-CM5A-LR	concss	0	1.75011389786e-07	9.14502739491e-08	2.31942242745e-08	3.01420676613e-10	1.66873546231e-11	1.23988360947e-13	1.23690450989e-14	7.37254682081e-15	7.06765117046e-15
__pctls__	IPSL-CM5A-MR	concss	0	1.72406271936e-07	8.97356998308e-08	2.3217418299e-08	3.1480274984e-10	1.69911649854e-11	1.33512645045e-13	1.40264653835e-14	8.75801786033e-15	8.11760716561e-15
__pctls__	IPSL-CM5B-LR	concss	0	1.6966035588e-07	9.04286093828e-08	2.31143789886e-08	3.00517926516e-10	1.65781034733e-11	1.23320790564e-13	1.22195564892e-14	7.25422902358e-15	6.96940932462e-15
__pctls__	MIROC-ESM	concss	0	2.0956213084e-08	1.2205613209e-08	4.41253741323e-09	2.15885542949e-11	4.82781555618e-12	1.3302437087e-12	3.68519500533e-13	1.92972346544e-13	6.58497156881e-14
__pctls__	MIROC-ESM-CHEM	concss	0	2.08404197108e-08	1.23096823312e-08	4.45066575816e-09	2.22866386804e-11	4.98186973445e-12	1.34918861023e-12	3.70362539872e-13	1.83791119802e-13	7.08638639576e-14
__pctls__	MIROC4h	concss	0	3.28704666988e-08	2.17593649765e-08	1.13299654103e-08	5.32831383182e-11	3.57616757388e-12	1.468804787e-12	1.32336422907e-13	2.10449138923e-14	8.16465561067e-15
__pctls__	MIROC5	concss	0	1.30949711838e-08	9.25007347607e-09	5.23056767898e-09	1.71504612595e-10	5.32743705921e-12	5.90502120942e-13	3.3727045069e-14	6.63856895557e-15	6.0854374823e-15
__pctls__	MRI-CGCM3	concss	0	5.21625077212e-08	3.26393938366e-08	9.647599164e-09	2.11586087193e-10	2.00877582797e-11	3.95975091468e-14	8.76246550449e-25	9.53641666004e-29	2.03521642019e-31
__pctls__	MRI-ESM1	concss	0	5.17520744232e-08	3.26035091547e-08	9.44230997835e-09	2.09328408773e-10	1.9519078194e-11	3.98924371252e-14	1.76514541909e-24	1.81411881396e-28	2.77204422825e-31
__pctls__	NorESM1-M	concss	0	4.82967342137e-08	2.2519616909e-08	4.46126274811e-09	1.35977644075e-10	9.11571100722e-12	6.20869648011e-13	8.94442172759e-16	2.19140887771e-16	7.08406415005e-17
__pctls__	NorESM1-ME	concss	0	4.7438476015e-08	2.21048866145e-08	4.28722674028e-09	1.28941943928e-10	8.99516832548e-12	5.82143301663e-13	8.28909363123e-16	2.12307978005e-16	6.20951856053e-17
ACCESS1-0	concss	0	0.0	2.06189e-07	6.36213e-09	7.21288e-09	kg m-3
ACCESS1-3	concss	0	0.0	2.01967e-07	6.29508e-09	6.93944e-09	kg m-3
GFDL-CM3	concss	0	0.0	1.82538e-07	1.34105e-09	1.77358e-09	kg m-3
GISS-E2-H	concss	0	2.9581e-36	1.37268e-07	1.0207760152e-09	1.31432735305e-09	kg m-3
GISS-E2-R	concss	0	5.90555e-36	1.43902e-07	1.07754647709e-09	1.34998624595e-09	kg m-3
HadGEM2-CC	concss	0	0.0	1.92967e-07	4.08639e-09	4.43084e-09	kg m-3
HadGEM2-ES	concss	0	0.0	1.86893e-07	6.48033e-09	7.13586e-09	kg m-3
IPSL-CM5A-LR	concss	1	2.43832e-15	2.94737e-07	3.79304e-09	4.13634e-09	kg m-3
IPSL-CM5A-MR	concss	1	2.4762e-15	3.11975e-07	3.82638e-09	4.23811e-09	kg m-3
IPSL-CM5B-LR	concss	1	2.42755e-15	2.92536e-07	3.78656e-09	4.08914e-09	kg m-3
MIROC-ESM	concss	2	1.89605e-15	4.52972e-08	5.43971e-10	6.36346e-10	kg m-3
MIROC-ESM-CHEM	concss	2	1.87098e-15	4.65399e-08	5.62529e-10	6.55495e-10	kg m-3
MIROC4h	concss	2	7.32317e-16	7.61129e-08	1.28902e-09	1.40964e-09	kg m-3
MIROC5	concss	2	1.16057e-15	4.14949e-08	6.86889e-10	8.77616e-10	kg m-3
MRI-CGCM3	concss	0	4.5451e-36	1.28743e-07	1.35065e-09	1.69194e-09	kg m-3
MRI-ESM1	concss	0	4.12552e-36	1.2972e-07	1.28208e-09	1.71151e-09	kg m-3
NorESM1-M	concss	0	5.96062e-18	2.34469e-07	8.61514e-10	1.09219e-09	kg m-3
NorESM1-ME	concss	0	5.95567e-18	2.38789e-07	8.46618e-10	1.06962e-09	kg m-3
cluster	concss	0	1.0833e-18	1.80313e-07	0	0	
cluster	concss	1	2.44735e-15	2.99749e-07	0	0	
cluster	concss	2	1.41498e-15	5.23612e-08	0	0	
__pctls__	ACCESS1-0	sconcpoa	0	4.60563000981e-09	1.89636303327e-09	3.27957416779e-10	1.76180528499e-11	1.30982187986e-12	7.22403772002e-14	1.37417889257e-16	5.21028456982e-17	2.99200352388e-17
__pctls__	ACCESS1-3	sconcpoa	0	4.0628413378e-09	1.67051730615e-09	2.81688131848e-10	1.36863007906e-11	8.37467736218e-13	4.06724968714e-14	5.22666432256e-17	8.680448378e-18	4.3550533071e-18
__pctls__	GFDL-CM3	sconcpoa	0	1.33479867199e-08	6.35576569596e-09	2.77323687348e-09	5.41609264382e-10	2.49740228497e-10	1.45509049254e-10	2.64578283327e-12	9.17818280958e-13	6.80335945566e-13
__pctls__	GISS-E2-H	sconcpoa	0	1.49181778077e-08	4.88407274846e-09	1.55943014057e-09	1.50508118121e-10	2.76860726185e-11	2.26989480272e-12	3.58193757587e-13	2.26527976539e-13	1.50860942608e-13
__pctls__	GISS-E2-R	sconcpoa	0	1.63416050096e-08	5.33370101197e-09	1.61487239692e-09	1.64512039408e-10	2.94723421015e-11	2.65872442335e-12	4.78499831175e-13	3.11155877946e-13	1.91656422591e-13
__pctls__	NorESM1-M	sconcpoa	0	2.17182533495e-08	8.75590227434e-09	3.26980697518e-09	5.86826538751e-10	3.21877288711e-10	1.66301051055e-10	6.40214947029e-11	5.0832328867e-11	4.03826073987e-11
__pctls__	NorESM1-ME	sconcpoa	0	2.21975453529e-08	8.8429688283e-09	3.24236561489e-09	5.94770836748e-10	3.23000383384e-10	1.76148300807e-10	6.85240310674e-11	5.22623419368e-11	4.3875964988e-11
ACCESS1-0	sconcpoa	1	2.67601e-18	1.20852e-08	6.65653e-11	1.06356e-10	kg m-3
ACCESS1-3	sconcpoa	1	1.10849e-19	1.11033e-08	5.86696e-11	9.03002e-11	kg m-3
GFDL-CM3	sconcpoa	2	5.5419e-14	1.5316e-07	4.19432e-10	1.58233e-09	kg m-3
GISS-E2-H	sconcpoa	2	3.09967e-14	1.01137e-07	2.34044e-10	5.6355e-10	kg m-3
GISS-E2-R	sconcpoa	0	2.38667e-14	2.91672e-07	2.28888e-10	7.93608e-10	kg m-3
NorESM1-M	sconcpoa	2	2.19716e-11	9.42831e-08	6.68059e-10	1.28328e-09	kg m-3
NorESM1-ME	sconcpoa	2	2.41931e-11	1.01321e-07	6.71823e-10	1.26518e-09	kg m-3
cluster	sconcpoa	0	2.38667e-14	2.91672e-07	0	0	
cluster	sconcpoa	1	1.39343e-18	1.15943e-08	0	0	
cluster	sconcpoa	2	1.15628e-11	1.12475e-07	0	0	
__pctls__	ACCESS1-0	concdust	0	1.26596378152e-07	2.41667559742e-08	2.33974561392e-09	2.32869647177e-10	4.39079952952e-11	1.65772106599e-12	2.47877561334e-15	2.59293317289e-26	5.21061782331e-27
__pctls__	CSIRO-Mk3-6-0	concdust	0	4.68490328842e-07	1.52839209733e-07	1.49270817928e-08	9.27203203105e-10	2.206874683e-10	5.58892931934e-11	4.28326780511e-13	4.28326780511e-13	4.28326780511e-13
__pctls__	GFDL-CM3	concdust	0	1.47474639675e-07	3.58508776799e-08	3.53273737486e-09	1.39579790434e-10	4.54603988866e-14	2.51168704782e-24	0.0	0.0	0.0
__pctls__	GISS-E2-H	concdust	754	2.41041144136e-07	3.66640584026e-08	1.98222761538e-09	1.43376149495e-10	1.73721982979e-11	1.11786834401e-14	3.89535215706e-24	2.51882818189e-26	6.25109200346e-27
__pctls__	GISS-E2-R	concdust	521	2.24552959516e-07	3.50010198247e-08	1.86807486147e-09	1.50937515958e-10	1.89790730874e-11	1.37311919215e-14	4.65658815918e-24	3.51468132913e-26	8.87435353167e-27
__pctls__	HadGEM2-CC	concdust	0	3.87349251099e-07	5.89322383426e-08	6.87698415991e-09	8.62585336492e-10	5.25259035485e-12	3.50628888161e-16	1.60620438758e-22	1.75321755235e-37	5.85381473216e-40
__pctls__	HadGEM2-ES	concdust	0	4.6714901535e-07	9.65155443566e-08	1.28265990496e-08	1.62625674038e-09	4.22918852716e-10	2.45673420843e-11	5.88203742779e-14	3.49102536674e-25	5.86555453191e-26
__pctls__	IPSL-CM5A-LR	concdust	0	2.16577620506e-07	3.56895454168e-08	2.24945769234e-09	1.18138990778e-10	7.13596608019e-12	4.54737319264e-15	1.59328373069e-16	3.52744753302e-17	3.49021679539e-17
__pctls__	IPSL-CM5A-MR	concdust	0	2.21354974798e-07	3.36894173891e-08	2.19539413315e-09	1.15455359682e-10	6.88259117667e-12	4.41160302267e-15	1.62455458899e-16	3.55333398485e-17	3.45764192656e-17
__pctls__	IPSL-CM5B-LR	concdust	0	2.17007242611e-07	3.59110843995e-08	2.25662461495e-09	1.18147864756e-10	7.10689222316e-12	4.54996442524e-15	1.58412889271e-16	3.47958884801e-17	3.45604364818e-17
__pctls__	MIROC-ESM	concdust	0	1.79923860131e-07	1.62918227353e-08	1.14810395913e-09	1.42758804778e-10	4.3241613415e-11	1.53477855425e-11	9.84356368118e-13	6.03655902256e-14	4.98174974038e-14
__pctls__	MIROC-ESM-CHEM	concdust	0	1.97054852158e-07	2.14526498432e-08	1.70242624165e-09	1.84044793294e-10	5.11890842214e-11	1.74791067037e-11	2.49784922563e-12	8.53452711605e-14	6.61042028679e-14
__pctls__	MIROC4h	concdust	0	4.23458956789e-08	4.00261757072e-09	1.36091183114e-10	4.41481573521e-12	1.01334923525e-12	1.9133742442e-13	1.65768424124e-15	5.02155859483e-16	5.02155859483e-16
__pctls__	MIROC5	concdust	0	1.49438303971e-07	3.03643461308e-08	3.57435938625e-09	4.76851197417e-10	9.86880681342e-11	2.5192998512e-11	2.74112557197e-12	6.1465577284e-13	4.47210546589e-13
__pctls__	MRI-CGCM3	concdust	0	2.27495487046e-07	2.73632849179e-08	1.46101946652e-09	6.38743936215e-11	3.35498892123e-12	2.31925197933e-16	9.24159049573e-31	4.47193259491e-35	0.0
__pctls__	MRI-ESM1	concdust	0	2.05863445451e-07	2.74901737018e-08	1.36655107785e-09	6.05647641413e-11	2.76810573161e-12	2.32797751056e-16	1.89971178421e-30	1.31162770358e-34	3.87497725031e-38
__pctls__	NorESM1-M	concdust	0	2.2361003623e-07	2.32213778073e-08	1.495731769e-09	2.0830929863e-10	3.66836248877e-11	6.88539550625e-13	3.44190614794e-19	4.89947446061e-22	5.26723784164e-24
__pctls__	NorESM1-ME	concdust	0	2.21104208961e-07	2.34613796835e-08	1.39383469766e-09	2.07647413153e-10	3.79890173138e-11	6.7789404732e-13	2.92883414458e-19	4.46453599042e-22	4.9969255147e-24
ACCESS1-0	concdust	2	2.01551e-28	3.8436e-06	2.98834e-10	2.94036e-09	kg m-3
CSIRO-Mk3-6-0	concdust	2	4.28327e-13	2.98386e-06	3.92088e-09	8.36086e-09	kg m-3
GFDL-CM3	concdust	0	0.0	9.72479e-07	9.30672e-10	1.98102e-09	kg m-3
GISS-E2-H	concdust	2	5.69597e-28	3.34546e-06	8.21211559399e-10	3.29515179612e-09	kg m-3
GISS-E2-R	concdust	2	9.23317e-28	3.21788e-06	8.02898507896e-10	3.38087029699e-09	kg m-3
HadGEM2-CC	concdust	1	7.28675e-44	5.68997e-06	1.43434e-09	5.28963e-09	kg m-3
HadGEM2-ES	concdust	1	1.08906e-26	6.20134e-06	2.33595e-09	9.10207e-09	kg m-3
IPSL-CM5A-LR	concdust	0	1.32083e-17	2.23318e-06	5.79537e-10	2.31941e-09	kg m-3
IPSL-CM5A-MR	concdust	0	1.25736e-17	2.55579e-06	6.22079e-10	2.27553e-09	kg m-3
IPSL-CM5B-LR	concdust	0	1.30553e-17	2.26061e-06	5.83246e-10	2.32593e-09	kg m-3
MIROC-ESM	concdust	0	2.9597e-15	2.13694e-06	4.93747e-10	2.71242e-09	kg m-3
MIROC-ESM-CHEM	concdust	0	7.47431e-15	1.96761e-06	4.70558e-10	3.13259e-09	kg m-3
MIROC4h	concdust	2	7.31061e-17	4.3803e-06	7.52946e-11	5.09479e-10	kg m-3
MIROC5	concdust	0	2.69989e-14	1.82444e-06	2.91583e-10	4.04236e-09	kg m-3
MRI-CGCM3	concdust	2	0.0	3.46005e-06	4.63188e-10	4.11552e-09	kg m-3
MRI-ESM1	concdust	2	0.0	3.72167e-06	4.42301e-10	4.26517e-09	kg m-3
NorESM1-M	concdust	0	1.76408e-25	2.31356e-06	1.08257e-09	1.73419e-09	kg m-3
NorESM1-ME	concdust	0	7.28139e-26	2.25677e-06	1.03537e-09	1.76535e-09	kg m-3
cluster	concdust	0	4.16352e-15	2.05793e-06	0	0	
cluster	concdust	1	5.44532e-27	5.94565e-06	0	0	
cluster	concdust	2	6.12e-14	3.56469e-06	0	0	
__pctls__	MIROC-ESM	inc	7077151	4502442.34325	2380325.93	1433496.67187	609548.921875	227821.992188	5320.82397461	7.90560674667	5.10865538672e-05	1.55996121975e-05
__pctls__	MIROC-ESM-CHEM	inc	7512769	4853656.753	2438501.3225	1461689.80625	618146.453125	227268.179688	4949.62133789	8.88601303101	5.0437707614e-05	1.56265250553e-05
__pctls__	MIROC5	inc	575131765	8957778.932	4685183.7775	2581519.2125	717293.203125	53346.609375	21.768029213	1.68023780134e-05	1.63944378073e-05	1.63367067216e-05
__pctls__	MRI-CGCM3	inc	0	24728729.941	6726396.165	1405102.64375	97897.3623047	2337.94293213	0.0	0.0	0.0	0.0
__pctls__	MRI-ESM1	inc	0	25434134.647	6618466.775	1322536.16875	99930.3066406	1820.71908569	0.0	0.0	0.0	0.0
MIROC-ESM	inc	2	1.50808e-05	3.73662e+07	280359.620242	549939.827125	m-3
MIROC-ESM-CHEM	inc	2	1.50633e-05	4.58448e+07	256741.056175	584089.50748	m-3
MIROC5	inc	2	1.39421e-05	3.01811e+08	354814.970197	1607563.53892	m-3
MRI-CGCM3	inc	0	0.0	1.59839e+24	314542.0	8.92116e+17	m-3
MRI-ESM1	inc	1	0.0	1.96584e+33	324793.0	1.09701e+27	m-3
cluster	inc	0	0.0	1.59839e+24	0	0	
cluster	inc	1	0.0	1.96584e+33	0	0	
cluster	inc	2	1.46954e-05	1.28341e+08	0	0	
__pctls__	HadGEM2-ES	reffclwc	87120799	1.59999999596e-05	1.59999999596e-05	1.59999999596e-05	1.59999999596e-05	1.49458414853e-05	9.49999957811e-06	9.43167269725e-06	5.97776784844e-06	3.73892219977e-06
__pctls__	IPSL-CM5A-LR	reffclwc	0	5.48140773243e-10	2.67732425535e-10	6.34641728059e-11	0.0	0.0	0.0	0.0	0.0	0.0
__pctls__	IPSL-CM5A-MR	reffclwc	0	5.06348892204e-10	2.53064102035e-10	6.23405212868e-11	0.0	0.0	0.0	0.0	0.0	0.0
__pctls__	IPSL-CM5B-LR	reffclwc	0	2.8671287261e-10	1.42544683349e-10	4.515142496e-11	7.57755992251e-15	0.0	0.0	0.0	0.0	0.0
__pctls__	MIROC5	reffclwc	872723201	1.52954922514e-05	1.39864148196e-05	1.30892234665e-05	1.13406310902e-05	9.95403615889e-06	8.50320657264e-06	5.86993769502e-06	3.86168697332e-06	1.84969891905e-06
HadGEM2-ES	reffclwc	2	1.5e-06	1.6e-05	1.30543191277e-05	1.36790414493e-05	m
IPSL-CM5A-LR	reffclwc	1	0.0	1.89971e-09	9.85879e-12	1.26255e-11	m
IPSL-CM5A-MR	reffclwc	1	0.0	2.03305e-09	9.49617e-12	1.2306e-11	m
IPSL-CM5B-LR	reffclwc	1	0.0	1.11458e-09	6.05965e-12	8.49169e-12	m
MIROC5	reffclwc	0	1e-06	3e-05	9.55352880126e-06	1.01030395135e-05	m
cluster	reffclwc	0	1e-06	3e-05	0	0	
cluster	reffclwc	1	0.0	1.68245e-09	0	0	
cluster	reffclwc	2	1.5e-06	1.6e-05	0	0	
__pctls__	ACCESS1-0	sconcdust	0	2.92866681278e-07	7.83534172299e-08	1.21409658549e-08	4.98012048267e-10	1.33344623537e-10	3.48979885788e-11	1.03158197696e-11	8.16410760177e-12	6.54947994948e-12
__pctls__	CSIRO-Mk3-6-0	sconcdust	0	8.6706371917e-07	3.65782616427e-07	7.37634309189e-08	2.20870788326e-09	3.44243744621e-10	3.36513039656e-11	3.36513039656e-11	3.36513039656e-11	3.36513039656e-11
__pctls__	CanESM2	sconcdust	0	4.67963618263e-07	2.96096408761e-07	9.76981811007e-08	6.43885972318e-09	1.3977501101e-09	3.56153880693e-10	1.40205550295e-10	7.88949145597e-11	5.04109906874e-11
__pctls__	GFDL-CM3	sconcdust	0	3.29384641802e-07	1.56309780834e-07	3.2528090177e-08	1.47173760678e-09	3.33665726993e-10	8.00040615354e-11	6.92915884176e-12	2.59893831065e-12	1.65424924708e-12
__pctls__	GFDL-ESM2G	sconcdust	0	2.57118069884e-08	9.4579507115e-09	2.59164976146e-09	1.13203644375e-10	2.81842691546e-11	4.08900951293e-12	5.01131670611e-13	3.93380371002e-13	3.49830114855e-13
__pctls__	GFDL-ESM2M	sconcdust	0	6.45011126068e-07	2.36091910537e-07	6.42412995688e-08	2.80621997861e-09	7.05001376722e-10	1.01896488643e-10	1.26440278386e-11	9.72118136856e-12	8.74203797286e-12
__pctls__	GISS-E2-H	sconcdust	0	5.74465001336e-07	2.29879219589e-07	2.6584728996e-08	5.85577412948e-10	1.25292311248e-10	2.54044361502e-11	6.14134746746e-12	2.75927190168e-12	1.34965478295e-12
__pctls__	GISS-E2-R	sconcdust	0	5.35937259059e-07	2.2257781616e-07	2.65735976779e-08	6.10875773577e-10	1.28887782391e-10	2.88081774148e-11	6.43901995525e-12	2.37508132194e-12	9.25121363413e-13
__pctls__	HadGEM2-CC	sconcdust	0	1.26227991569e-06	3.53959196246e-07	6.28637797817e-08	3.38045400006e-09	1.09071887633e-09	4.20249692684e-10	1.89918006668e-10	1.5018029792e-10	1.2262361649e-10
__pctls__	IPSL-CM5A-LR	sconcdust	0	7.28069813221e-07	1.82774050117e-07	2.78668652598e-08	6.61635718435e-10	8.16774824858e-11	6.16248062779e-12	7.72217142661e-13	4.37821505531e-13	3.08446941152e-13
__pctls__	IPSL-CM5A-MR	sconcdust	0	6.49768101056e-07	1.9246068014e-07	2.67909934237e-08	6.6405311111e-10	8.09071976082e-11	6.89461362351e-12	7.87957935391e-13	4.18620358647e-13	2.81190348932e-13
__pctls__	IPSL-CM5B-LR	sconcdust	0	7.26512307665e-07	1.83675296483e-07	2.79142082782e-08	6.62948841657e-10	8.16836910611e-11	6.12591509637e-12	7.64840874825e-13	4.32099773578e-13	3.06056858256e-13
__pctls__	MIROC-ESM	sconcdust	0	3.60922261365e-07	8.95170660797e-08	7.69797392497e-09	1.65717370382e-10	2.09473159304e-11	8.44266469886e-14	4.98174974038e-14	4.98174974038e-14	4.98174974038e-14
__pctls__	MIROC-ESM-CHEM	sconcdust	0	3.99177435185e-07	9.93644997038e-08	1.0132815631e-08	2.2548347911e-10	3.21135444625e-11	1.76284510535e-13	6.61042028679e-14	6.61042028679e-14	6.61042028679e-14
__pctls__	MIROC4h	sconcdust	0	1.21015957468e-07	2.35479017974e-08	1.2208172806e-09	5.3797720046e-16	5.12200796735e-16	5.12200796735e-16	5.12200796735e-16	5.12200796735e-16	5.12200796735e-16
__pctls__	MIROC5	sconcdust	0	2.12447893119e-07	7.7898951254e-08	9.40604749644e-09	3.88685583719e-10	7.66464322566e-11	1.62131133172e-11	4.41581856801e-13	4.34267937366e-13	4.34267937366e-13
__pctls__	MRI-CGCM3	sconcdust	0	6.35099780254e-07	1.92370730332e-07	3.29764943352e-08	7.57130608209e-10	9.98439490807e-11	8.2467081124e-12	1.18801532197e-12	8.41572473059e-13	6.5928322182e-13
__pctls__	MRI-ESM1	sconcdust	0	5.99306276826e-07	1.84548056765e-07	3.63755515487e-08	7.3759146707e-10	9.78274822261e-11	9.03960500204e-12	1.03301112781e-12	7.27338460998e-13	5.62517757418e-13
__pctls__	NorESM1-M	sconcdust	0	8.26483425243e-07	3.42961921405e-07	3.30370305335e-08	6.98846307212e-10	2.33831648488e-10	5.51181461583e-11	2.54770399222e-11	1.5520793652e-11	7.32719348173e-12
__pctls__	NorESM1-ME	sconcdust	0	8.1048359786e-07	3.45760544178e-07	3.21045881435e-08	6.86534613881e-10	2.36614776383e-10	5.97250547629e-11	2.69275349414e-11	1.65743490113e-11	6.67550087083e-12
ACCESS1-0	sconcdust	2	9.2257e-13	2.67663e-06	1.25491e-09	7.21897e-09	kg m-3
CSIRO-Mk3-6-0	sconcdust	2	3.36513e-11	2.72657e-06	1.19642e-08	2.34788e-08	kg m-3
CanESM2	sconcdust	0	1.13258e-11	1.84115e-06	1.07523e-08	2.53674e-08	kg m-3
GFDL-CM3	sconcdust	0	1.72866e-13	8.16082e-07	5.00109e-09	1.0657e-08	kg m-3
GFDL-ESM2G	sconcdust	0	1.10669e-13	6.83133e-08	4.06147e-10	6.47766e-10	kg m-3
GFDL-ESM2M	sconcdust	0	2.73433e-12	1.70715e-06	1.01413e-08	1.62175e-08	kg m-3
GISS-E2-H	sconcdust	2	1.651e-13	3.00962e-06	5.04539e-09	1.84715e-08	kg m-3
GISS-E2-R	sconcdust	2	3.2186e-14	3.15478e-06	3.4559e-09	1.98422e-08	kg m-3
HadGEM2-CC	sconcdust	1	8.87636e-12	6.29262e-06	8.8216e-09	3.26628e-08	kg m-3
IPSL-CM5A-LR	sconcdust	0	2.20616e-13	2.20289e-06	3.35836e-09	1.12081e-08	kg m-3
IPSL-CM5A-MR	sconcdust	0	2.00714e-13	2.23843e-06	3.58969e-09	1.10913e-08	kg m-3
IPSL-CM5B-LR	sconcdust	0	2.18536e-13	2.14505e-06	3.41e-09	1.12356e-08	kg m-3
MIROC-ESM	sconcdust	0	2.9597e-15	2.13694e-06	1.65727e-09	7.23204e-09	kg m-3
MIROC-ESM-CHEM	sconcdust	0	7.47431e-15	1.96761e-06	1.75575e-09	8.73631e-09	kg m-3
MIROC4h	sconcdust	1	4.11625e-17	5.50306e-06	3.06459e-10	2.07924e-09	kg m-3
MIROC5	sconcdust	0	2.69989e-14	1.80466e-06	5.48313e-10	7.68678e-09	kg m-3
MRI-CGCM3	sconcdust	2	3.27084e-14	3.2447e-06	1.69045e-09	2.99087e-08	kg m-3
MRI-ESM1	sconcdust	1	3.63488e-14	4.56512e-06	2.29097e-09	3.77236e-08	kg m-3
NorESM1-M	sconcdust	0	1.90871e-12	2.31356e-06	8.08745e-09	1.67176e-08	kg m-3
NorESM1-ME	sconcdust	0	1.11033e-12	2.21126e-06	8.25216e-09	1.66057e-08	kg m-3
cluster	sconcdust	0	1.50333e-12	1.78776e-06	0	0	
cluster	sconcdust	1	2.97092e-12	5.4536e-06	0	0	
cluster	sconcdust	2	6.96077e-12	2.96246e-06	0	0	
__pctls__	IPSL-CM5A-LR	ec550aer	0	0.000151813358985	8.83154257826e-05	3.07969767164e-05	2.20529145167e-06	5.31494222855e-07	1.19540508603e-08	1.4934330439e-09	9.96033768241e-10	9.5489849361e-10
__pctls__	IPSL-CM5A-MR	ec550aer	0	0.000187086624734	9.88424712341e-05	3.71396530682e-05	2.59679583792e-06	5.73594661546e-07	1.13997090656e-08	1.47811884954e-09	1.1328679661e-09	1.07992609594e-09
__pctls__	IPSL-CM5B-LR	ec550aer	0	0.000182029193085	9.9067031515e-05	3.63529326933e-05	2.44121915216e-06	5.22979675566e-07	1.19323170233e-08	1.48284512447e-09	9.87178983003e-10	9.45436673394e-10
__pctls__	MIROC-ESM	ec550aer	0	0.000224543719713	0.000114534864733	3.65848194633e-05	9.73856487008e-07	2.9555741321e-07	1.27382984161e-07	5.77502273558e-08	2.02560048734e-08	1.01670001307e-08
__pctls__	MIROC-ESM-CHEM	ec550aer	0	0.000232391837475	0.000119721697629	3.76002971279e-05	1.09033585716e-06	3.24238349947e-07	1.81144613975e-07	6.74251090516e-08	1.92849478609e-08	9.14861031376e-09
__pctls__	MIROC5	ec550aer	0	0.000200376410663	9.54359885145e-05	4.34190126725e-05	5.52966753276e-06	7.8778808188e-07	9.443678195e-08	1.21602662162e-08	2.00863658706e-09	1.65256154472e-09
__pctls__	NorESM1-M	ec550aer	162160	0.00011889843383	4.75946588449e-05	1.73786753294e-05	3.02072950831e-06	4.168691774e-07	2.05879315818e-08	0.0	0.0	0.0
__pctls__	NorESM1-ME	ec550aer	162160	0.000117852344134	4.69715825602e-05	1.72636112438e-05	3.01138291547e-06	4.3737229305e-07	2.12076438633e-08	0.0	0.0	0.0
IPSL-CM5A-LR	ec550aer	2	5.67772e-10	0.000243547	4.69426e-06	6.41257e-06	m-1
IPSL-CM5A-MR	ec550aer	0	5.524e-10	0.00197247	5.31663e-06	8.90502e-06	m-1
IPSL-CM5B-LR	ec550aer	0	5.64085e-10	0.00175318	5.33501e-06	7.89868e-06	m-1
MIROC-ESM	ec550aer	0	9.0254e-10	0.00142202	5.38389e-06	8.53286e-06	m-1
MIROC-ESM-CHEM	ec550aer	0	8.91603e-10	0.00131542	5.66149e-06	8.64562e-06	m-1
MIROC5	ec550aer	1	1.07326e-09	0.0175357	5.22163e-06	1.08475e-05	m-1
NorESM1-M	ec550aer	2	0.0	0.000748549	3.06408012556e-06	4.60740401704e-06	m-1
NorESM1-ME	ec550aer	2	0.0	0.000722275	3.11214539177e-06	4.80000672265e-06	m-1
cluster	ec550aer	0	7.27657e-10	0.00161577	0	0	
cluster	ec550aer	1	1.07326e-09	0.0175357	0	0	
cluster	ec550aer	2	1.89257e-10	0.000571457	0	0	
__pctls__	CSIRO-Mk3-6-0	sconcoa	0	2.09279136554e-08	1.19415257505e-08	4.86171092273e-09	7.84646292384e-10	2.91761614868e-10	8.97657018162e-11	4.33033140596e-11	3.7243805262e-11	2.91613816428e-11
__pctls__	CanESM2	sconcoa	0	1.87445071882e-08	6.15167442319e-09	2.44967723884e-09	3.60056380544e-10	1.00081064963e-10	9.37116714523e-12	2.75117489554e-12	1.64962338386e-12	1.13950499953e-12
__pctls__	GFDL-ESM2G	sconcoa	0	9.51815996575e-10	3.16648117865e-10	1.05610194721e-10	1.86490963731e-11	3.09077562806e-12	4.13880972409e-13	2.09485934984e-14	1.68504805988e-14	1.48593392348e-14
__pctls__	GFDL-ESM2M	sconcoa	0	2.23276469544e-08	7.87794385726e-09	2.5988066088e-09	4.63188598587e-10	7.62554602796e-11	1.02332370008e-11	5.21275570994e-13	4.1434881581e-13	3.52835282272e-13
__pctls__	IPSL-CM5A-LR	sconcoa	0	5.86776614964e-09	2.73805921269e-09	1.13362917664e-09	1.78617525284e-10	2.68017487544e-11	2.26825277853e-12	2.50094643074e-13	1.30626471079e-13	8.87179862215e-14
__pctls__	IPSL-CM5A-MR	sconcoa	0	5.58349904711e-09	2.61504977006e-09	1.14577352606e-09	1.75727795163e-10	2.65723463198e-11	2.52547803633e-12	2.52074811626e-13	1.11514302126e-13	7.36912473486e-14
__pctls__	IPSL-CM5B-LR	sconcoa	0	5.896682721e-09	2.76266832189e-09	1.1349250012e-09	1.7898454073e-10	2.68050612089e-11	2.25612627539e-12	2.46885160698e-13	1.30350406779e-13	8.7756466336e-14
__pctls__	MIROC-ESM	sconcoa	0	1.10819043946e-08	5.12180261758e-09	2.15009766102e-09	2.75272912104e-10	3.95154447358e-11	3.05943627637e-12	6.94414000247e-15	6.94414000247e-15	6.94414000247e-15
__pctls__	MIROC-ESM-CHEM	sconcoa	0	1.06791200638e-08	5.12395784469e-09	2.13358334888e-09	2.75777376629e-10	4.18451332612e-11	3.82384458841e-12	6.91846410449e-15	6.91846410449e-15	6.91846410449e-15
__pctls__	MIROC4h	sconcoa	0	1.63039307708e-08	5.61874370586e-09	1.7712991629e-09	1.45276103647e-10	1.20361698039e-11	2.99703566688e-17	2.49606183526e-17	2.49606183526e-17	2.49606183526e-17
__pctls__	MIROC5	sconcoa	0	1.23142323316e-08	4.45081989708e-09	1.47252451621e-09	1.77922794553e-10	2.02483750253e-11	2.48622129828e-12	6.48261334885e-15	6.48261334885e-15	6.48261334885e-15
__pctls__	MRI-CGCM3	sconcoa	0	9.17410804879e-09	3.74949129966e-09	1.35599274032e-09	1.89030360809e-10	4.27921890631e-11	3.22989212958e-12	9.56370509655e-14	7.48154137722e-14	6.53247624213e-14
__pctls__	MRI-ESM1	sconcoa	0	9.45633635707e-09	3.78670625967e-09	1.34014849495e-09	1.84593817662e-10	4.21454858859e-11	3.16206362851e-12	9.83498466044e-14	7.51665548042e-14	5.819830227e-14
CSIRO-Mk3-6-0	sconcoa	1	1.30058e-11	6.15422e-08	7.88981e-10	1.6127e-09	kg m-3
CanESM2	sconcoa	1	2.63926e-13	5.32668e-08	4.04462e-10	8.18104e-10	kg m-3
GFDL-ESM2G	sconcoa	2	4.88186e-15	9.63508e-09	1.81984e-11	4.65602e-11	kg m-3
GFDL-ESM2M	sconcoa	0	1.30346e-13	2.27808e-07	4.47692e-10	1.19035e-09	kg m-3
IPSL-CM5A-LR	sconcoa	2	3.74147e-14	1.37957e-08	1.7489e-10	3.60387e-10	kg m-3
IPSL-CM5A-MR	sconcoa	2	3.63734e-14	1.20145e-08	1.76806e-10	3.47079e-10	kg m-3
IPSL-CM5B-LR	sconcoa	2	3.70508e-14	1.40938e-08	1.74932e-10	3.62238e-10	kg m-3
MIROC-ESM	sconcoa	2	5.62852e-16	2.66148e-08	3.07253e-10	7.73619e-10	kg m-3
MIROC-ESM-CHEM	sconcoa	2	7.61601e-16	2.47473e-08	3.02174e-10	7.92277e-10	kg m-3
MIROC4h	sconcoa	0	9.56734e-19	1.34504e-07	2.46536e-10	5.75478e-10	kg m-3
MIROC5	sconcoa	0	1.17357e-15	1.77077e-07	1.93457e-10	7.66768e-10	kg m-3
MRI-CGCM3	sconcoa	1	2.29591e-14	3.66007e-08	2.2355e-10	5.0855e-10	kg m-3
MRI-ESM1	sconcoa	1	1.98296e-14	3.80275e-08	2.25184e-10	4.85298e-10	kg m-3
cluster	sconcoa	0	4.38401e-14	1.79797e-07	0	0	
cluster	sconcoa	1	3.32812e-12	4.73593e-08	0	0	
cluster	sconcoa	2	1.95075e-14	1.68169e-08	0	0	
__pctls__	HadGEM2-CC	reffclws	125224886	2.37659188442e-05	2.0952398072e-05	1.84758930118e-05	1.30378492713e-05	9.46420732362e-06	7.02838127609e-06	4.6040798793e-06	3.01905758533e-06	1.50000016674e-06
__pctls__	HadGEM2-ES	reffclws	70996672	2.44290004275e-05	2.1572806836e-05	1.89879136542e-05	1.32449595185e-05	9.54908841777e-06	7.08707705144e-06	4.61691967075e-06	2.9928534741e-06	1.50000016674e-06
__pctls__	IPSL-CM5A-LR	reffclws	0	5.28076651312e-06	2.63934156465e-06	6.79289291838e-07	0.0	0.0	0.0	0.0	0.0	0.0
__pctls__	IPSL-CM5A-MR	reffclws	0	5.1848684252e-06	2.71466961067e-06	7.12328456132e-07	0.0	0.0	0.0	0.0	0.0	0.0
__pctls__	IPSL-CM5B-LR	reffclws	0	7.14139564025e-06	4.47071300641e-06	1.74746735411e-06	0.0	0.0	0.0	0.0	0.0	0.0
__pctls__	MIROC5	reffclws	581843323	1.52932323163e-05	1.39808385029e-05	1.3089859749e-05	1.13440760288e-05	9.95453592623e-06	8.49997968544e-06	5.86997362007e-06	3.86168697332e-06	1.8392950372e-06
__pctls__	NorESM1-M	reffclws	0	1.96361139706e-05	1.49759804117e-05	1.10218183181e-05	0.0	0.0	0.0	0.0	0.0	0.0
__pctls__	NorESM1-ME	reffclws	0	1.9680970775e-05	1.50714752272e-05	1.10877416091e-05	0.0	0.0	0.0	0.0	0.0	0.0
HadGEM2-CC	reffclws	0	1.5e-06	3.63582e-05	9.4655604061e-06	1.09818362648e-05	m
HadGEM2-ES	reffclws	0	1.5e-06	4.39775e-05	9.49454545829e-06	1.10819673163e-05	m
IPSL-CM5A-LR	reffclws	1	0.0	1.50654e-05	1.04658e-07	1.49903e-07	m
IPSL-CM5A-MR	reffclws	1	0.0	1.47177e-05	1.07272e-07	1.54127e-07	m
IPSL-CM5B-LR	reffclws	1	0.0	1.63167e-05	2.16302e-07	3.11413e-07	m
MIROC5	reffclws	0	1e-06	3e-05	9.55726262794e-06	1.00763241512e-05	m
NorESM1-M	reffclws	2	0.0	2e-05	1.35281e-06	1.73096e-06	m
NorESM1-ME	reffclws	2	0.0	2e-05	1.33327e-06	1.73667e-06	m
cluster	reffclws	0	1.33333e-06	3.67786e-05	0	0	
cluster	reffclws	1	0.0	1.53666e-05	0	0	
cluster	reffclws	2	0.0	2e-05	0	0	
__pctls__	ACCESS1-0	concpoa	0	2.96916940445e-09	5.22759492916e-10	7.93877711833e-11	3.64019751842e-12	3.66436298893e-13	1.44331187017e-14	4.15564165682e-16	1.88886387706e-24	1.09697716375e-24
__pctls__	ACCESS1-3	concpoa	0	2.65902074303e-09	4.73710090043e-10	6.86362831154e-11	2.26804659038e-12	1.5177983043e-13	5.39191856294e-15	1.19578879741e-16	1.15787923126e-24	6.78084427825e-25
__pctls__	GFDL-CM3	concpoa	0	7.16008413582e-09	2.23328735838e-09	5.91060629607e-10	2.75079735466e-11	3.18622429127e-14	9.21865561905e-16	2.17842458757e-17	2.91823391292e-18	2.87351380654e-18
__pctls__	GISS-E2-H	concpoa	701	5.37462983008e-09	1.01693471977e-09	1.55375378882e-10	1.53365365112e-11	2.41039008414e-12	6.10044148511e-14	2.84914667255e-21	1.59826378312e-23	1.82145648303e-24
__pctls__	GISS-E2-R	concpoa	518	5.38503963576e-09	1.01022207655e-09	1.58372548062e-10	1.50111407679e-11	2.40751982152e-12	5.28912910309e-14	2.31914474562e-21	1.86133070704e-23	1.6171534613e-24
__pctls__	NorESM1-M	concpoa	0	7.74093208111e-09	1.81892899298e-09	5.33805158409e-10	1.95970930456e-10	8.78570948631e-11	1.60715759277e-11	1.50331885544e-13	1.59976580204e-14	2.39923127834e-15
__pctls__	NorESM1-ME	concpoa	0	7.69848257232e-09	1.82713432273e-09	5.34974430033e-10	1.99161298564e-10	8.89642214064e-11	1.60573676751e-11	1.41986774985e-13	1.425130053e-14	2.30828436644e-15
ACCESS1-0	concpoa	1	3.14447e-25	4.9932e-08	1.12455e-11	5.08036e-11	kg m-3
ACCESS1-3	concpoa	1	2.58068e-25	4.42244e-08	1.00462e-11	4.49347e-11	kg m-3
GFDL-CM3	concpoa	0	2.57606e-18	1.24499e-07	8.45972e-11	2.93224e-10	kg m-3
GISS-E2-H	concpoa	2	4.08489e-26	3.36824e-07	3.66576624743e-11	1.30328218023e-10	kg m-3
GISS-E2-R	concpoa	2	6.24069e-26	2.49775e-07	3.61034527041e-11	1.31118497858e-10	kg m-3
NorESM1-M	concpoa	0	1.03917e-16	9.42831e-08	1.61783e-10	2.82556e-10	kg m-3
NorESM1-ME	concpoa	0	5.83246e-17	1.01321e-07	1.61824e-10	2.83516e-10	kg m-3
cluster	concpoa	0	5.49392e-17	1.06701e-07	0	0	
cluster	concpoa	1	2.86258e-25	4.70782e-08	0	0	
cluster	concpoa	2	5.16279e-26	2.933e-07	0	0	
__pctls__	HadGEM2-CC	cdnc	125185678	363447466.544	283311300.48	171015221.2	49509666.5	26876472.0	7095207.0	5000000.0	4999999.5	4999999.5
__pctls__	HadGEM2-ES	cdnc	64515349	362440907.616	279462013.76	167968432.4	49959653.5	26628411.0	6965591.1875	5000000.0	4999999.5	4999999.5
__pctls__	IPSL-CM5A-LR	cdnc	0	18059145.954	9355384.43	2824243.825	20000.0	0.0	0.0	0.0	0.0	0.0
__pctls__	IPSL-CM5A-MR	cdnc	0	17535931.892	9501702.04	2947705.53125	31087.2844238	0.0	0.0	0.0	0.0	0.0
__pctls__	IPSL-CM5B-LR	cdnc	0	21504656.694	12722275.84	5654312.9375	25107.234375	0.0	0.0	0.0	0.0	0.0
__pctls__	MIROC-ESM	cdnc	11234265	73337038.424	35911880.82	24882948.8	20039043.0	11234915.25	2349936.375	223416.321094	50989.3717188	7353.54403125
__pctls__	MIROC-ESM-CHEM	cdnc	11227659	77014613.256	36937069.72	25519252.3	20059902.75	11539055.5	2291851.8125	227190.396875	50082.2852539	6792.30981445
__pctls__	MIROC4h	cdnc	0	51334530.51	32351092.0	19288661.0	3371441.125	481874.421875	0.0	0.0	0.0	0.0
__pctls__	MIROC5	cdnc	678968862	195211682.672	70526954.2	30926851.95	25015417.0	23104922.0	16888344.0	7855013.425	2683045.715	291273.455
__pctls__	MRI-CGCM3	cdnc	0	597448679.104	118818844.4	27215572.15	352795.109375	0.0	0.0	0.0	0.0	0.0
__pctls__	MRI-ESM1	cdnc	0	656830650.016	129417534.96	26908969.65	338364.382812	0.0	0.0	0.0	0.0	0.0
__pctls__	NorESM1-M	cdnc	0	306019232.816	105615134.08	40302161.9	0.0	0.0	0.0	0.0	0.0	0.0
__pctls__	NorESM1-ME	cdnc	0	319286192.528	107059930.08	41049054.2	0.0	0.0	0.0	0.0	0.0	0.0
HadGEM2-CC	cdnc	0	5e+06	3.75e+08	30527898.1311	65503221.4495	m-3
HadGEM2-ES	cdnc	0	5e+06	3.75e+08	30555918.3555	66221862.0593	m-3
IPSL-CM5A-LR	cdnc	0	0.0	5.81678e+07	406525.0	546935.0	m-3
IPSL-CM5A-MR	cdnc	0	0.0	6.58221e+07	415016.0	563808.0	m-3
IPSL-CM5B-LR	cdnc	0	0.0	7.57724e+07	665881.0	939723.0	m-3
MIROC-ESM	cdnc	0	4539.47	1.29986e+09	11163186.0158	14529819.5685	m-3
MIROC-ESM-CHEM	cdnc	0	4539.47	1.92318e+09	11222123.1751	14468677.3632	m-3
MIROC4h	cdnc	0	0.0	2.07871e+08	3.17179e+06	3.80891e+06	m-3
MIROC5	cdnc	0	9.63674e-06	9.2614e+09	19839602.8768	29185151.6054	m-3
MRI-CGCM3	cdnc	0	0.0	9.71366e+33	4.87287e+06	5.42057e+27	m-3
MRI-ESM1	cdnc	0	0.0	7.25977e+34	5.7876e+06	4.05121e+28	m-3
NorESM1-M	cdnc	0	0.0	8.66011e+09	4.49978e+06	9.48642e+06	m-3
NorESM1-ME	cdnc	0	0.0	9.45438e+09	4.61553e+06	9.85169e+06	m-3
nocluster	cdnc	0	0	0	0	0	
__pctls__	ACCESS1-0	sconcsoa	0	5.40974857177e-09	3.45745906793e-09	1.46127357992e-09	2.15918199986e-10	7.25695857573e-11	1.52413990716e-11	1.23419315946e-12	9.16375841311e-13	6.87633500271e-13
__pctls__	ACCESS1-3	sconcsoa	0	5.39252537957e-09	3.46847201071e-09	1.4609268989e-09	2.16122892152e-10	7.23243270828e-11	1.51840374042e-11	1.25993031654e-12	9.35383836359e-13	6.94679299734e-13
__pctls__	GFDL-CM3	sconcsoa	0	6.41833205112e-10	4.14148310646e-10	2.42350463309e-10	5.55722160997e-11	1.57823016808e-11	2.55878033605e-12	9.12736161337e-14	2.23801529135e-14	1.12707533753e-14
__pctls__	GISS-E2-H	sconcsoa	0	3.15331274559e-09	1.20373566947e-09	4.27213486115e-10	2.14764371651e-11	1.36146546511e-12	4.71823783284e-14	1.43318083466e-15	3.86109385594e-16	1.01330088759e-16
__pctls__	GISS-E2-R	sconcsoa	0	3.57766146619e-09	1.36869985179e-09	5.10811168364e-10	2.30593979241e-11	1.66752893503e-12	6.73712269376e-14	2.16309758827e-15	5.49860143885e-16	8.14483705802e-17
__pctls__	HadGEM2-CC	sconcsoa	0	5.3220216345e-09	3.37931103878e-09	1.42975444817e-09	2.12246265702e-10	7.11322927643e-11	1.50371210709e-11	1.20416717775e-12	8.93925754275e-13	6.69194482407e-13
ACCESS1-0	sconcsoa	0	1.31037e-13	9.12048e-09	2.05619e-10	5.47651e-10	kg m-3
ACCESS1-3	sconcsoa	0	1.3341e-13	9.05372e-09	2.05667e-10	5.48245e-10	kg m-3
GFDL-CM3	sconcsoa	0	4.44843e-16	1.37649e-09	4.5209e-11	6.19911e-11	kg m-3
GISS-E2-H	sconcsoa	2	7.09932e-18	1.97211e-08	4.31463e-11	1.29648e-10	kg m-3
GISS-E2-R	sconcsoa	1	1.78917e-18	3.40118e-08	4.09408e-11	2.16942e-10	kg m-3
HadGEM2-CC	sconcsoa	0	1.28648e-13	8.9865e-09	2.01599e-10	5.41147e-10	kg m-3
cluster	sconcsoa	0	9.83848e-14	7.1343e-09	0	0	
cluster	sconcsoa	1	1.78917e-18	3.40118e-08	0	0	
cluster	sconcsoa	2	7.09932e-18	1.97211e-08	0	0	
__pctls__	MRI-CGCM3	concaerh2o	0	74.4298190956	45.4377645683	14.5487285852	0.593186989427	0.0890516620129	0.00545160606271	4.32229161351e-09	2.36037518871e-11	2.61128902139e-12
__pctls__	MRI-ESM1	concaerh2o	0	73.4495069771	45.4798303413	14.3555409908	0.607172854245	0.092439442873	0.00588300317759	8.53178669935e-09	6.28188566443e-11	7.51906508584e-12
MRI-CGCM3	concaerh2o	1	-7.06979	254.868	2.05169	2.62813	kg m-3
MRI-ESM1	concaerh2o	0	2.24172e-12	243.748	1.99483	2.76045	kg m-3
cluster	concaerh2o	0	2.24172e-12	243.748	0	0	
cluster	concaerh2o	1	-7.06979	254.868	0	0	
__pctls__	ACCESS1-0	sconcbc	0	1.01117526408e-09	4.10058933337e-10	1.29960236323e-10	4.00344562189e-11	4.77563702559e-12	4.54742753192e-13	2.55815804466e-13	2.13313607026e-13	1.69775196594e-13
__pctls__	ACCESS1-3	sconcbc	0	8.90578484569e-10	3.64271508235e-10	1.10180543682e-10	3.77049641509e-11	2.98812781159e-12	2.0785858691e-13	1.26164921202e-13	1.09095828481e-13	9.92373084952e-14
__pctls__	CSIRO-Mk3-6-0	sconcbc	0	1.06125405552e-09	4.18999410862e-10	1.24273998731e-10	1.95535905176e-11	8.79638245924e-12	1.92393106654e-12	7.28306304154e-13	7.28306304154e-13	7.28306304154e-13
__pctls__	CanESM2	sconcbc	0	1.71618079609e-09	6.23240782038e-10	1.8588836373e-10	2.37559316836e-11	6.39821561618e-12	3.44442237997e-13	9.40231662262e-14	6.17357849751e-14	4.51942118423e-14
__pctls__	GFDL-CM3	sconcbc	0	1.41506714441e-09	5.63833816303e-10	1.71673068122e-10	2.39044838611e-11	3.0907383315e-12	2.49004891142e-13	2.92226847494e-15	5.1865918473e-16	2.65572935066e-16
__pctls__	GFDL-ESM2G	sconcbc	0	8.31061218454e-11	3.49308811216e-11	9.74845198055e-12	1.21357752406e-12	1.91269519483e-13	1.94988360886e-14	1.33627656502e-15	1.02200450346e-15	7.64318345229e-16
__pctls__	GFDL-ESM2M	sconcbc	0	2.12339014871e-09	9.06879181473e-10	2.663788079e-10	3.28340870118e-11	5.15046219649e-12	6.11026318789e-13	3.54276979152e-14	2.6897392513e-14	2.03635679977e-14
__pctls__	GISS-E2-H	sconcbc	0	1.7400343893e-09	7.10541719906e-10	2.16788170401e-10	2.56395872415e-11	4.91698901647e-12	4.45120614765e-13	7.71460798143e-14	5.4496881217e-14	3.66876604729e-14
__pctls__	GISS-E2-R	sconcbc	0	2.07187595624e-09	8.69700875761e-10	2.4237124252e-10	2.70099637101e-11	5.68744682426e-12	5.69221739514e-13	1.10677050817e-13	7.9081701921e-14	4.81383479577e-14
__pctls__	HadGEM2-CC	sconcbc	0	2.46567856166e-09	9.17732247141e-10	2.93420218678e-10	9.39242347092e-11	1.55138072527e-11	2.03140290505e-12	1.22636232224e-12	1.07312828166e-12	8.80672603961e-13
__pctls__	IPSL-CM5A-LR	sconcbc	0	6.96468523409e-10	3.21750257687e-10	9.98414961817e-11	1.21063725451e-11	1.31116244164e-12	1.20398084745e-13	1.09083706626e-14	5.88574597097e-15	3.81189015831e-15
__pctls__	IPSL-CM5A-MR	sconcbc	0	6.60289612819e-10	3.26006855261e-10	9.97734193875e-11	1.18529736807e-11	1.50933795627e-12	1.22180470765e-13	1.04444301769e-14	5.03963546589e-15	3.24027105054e-15
__pctls__	IPSL-CM5B-LR	sconcbc	0	7.07131630889e-10	3.22587982715e-10	1.00172949796e-10	1.21037497516e-11	1.31065452003e-12	1.1994883541e-13	1.07978062874e-14	5.83927600707e-15	3.76944417901e-15
__pctls__	MIROC-ESM	sconcbc	0	8.5922784665e-10	3.51718458802e-10	1.02932443471e-10	1.14085271178e-11	1.18848599582e-12	1.13545979531e-13	2.05446352431e-16	2.05446352431e-16	2.05446352431e-16
__pctls__	MIROC-ESM-CHEM	sconcbc	0	8.64322673627e-10	3.56764069398e-10	1.03303496139e-10	1.15415771558e-11	1.2326069527e-12	1.25625767113e-13	1.84644851138e-16	1.84644851138e-16	1.84644851138e-16
__pctls__	MIROC4h	sconcbc	0	2.85097613395e-09	1.04951813906e-09	3.05311803617e-10	2.67056064762e-11	2.51593212409e-12	3.12840601023e-17	2.09987962769e-17	2.09987962769e-17	2.09987962769e-17
__pctls__	MIROC5	sconcbc	0	1.20207980753e-09	4.9771741617e-10	1.42170757111e-10	1.59829567116e-11	2.35788114294e-12	3.49214973887e-13	4.96404378716e-15	4.96404378716e-15	4.96404378716e-15
__pctls__	MRI-CGCM3	sconcbc	0	1.04329003869e-09	4.23139544931e-10	1.39295801282e-10	1.45668750499e-11	2.98874228317e-12	1.95498428034e-13	7.17495047725e-15	5.50740139384e-15	4.51224498825e-15
__pctls__	MRI-ESM1	sconcbc	0	1.05575198328e-09	4.34144997452e-10	1.40058391621e-10	1.4527052521e-11	2.95242682299e-12	1.71962204743e-13	6.80563566309e-15	5.1492600814e-15	4.09698521815e-15
__pctls__	NorESM1-M	sconcbc	0	1.05095617292e-09	3.86510335543e-10	9.50777642381e-11	1.12932240599e-11	3.16068986305e-12	6.43658954261e-13	1.93636635724e-13	1.39134440934e-13	1.08283805096e-13
__pctls__	NorESM1-ME	sconcbc	0	1.08792005299e-09	3.8454587542e-10	9.40996985194e-11	1.10010867603e-11	3.17006620607e-12	6.87102081503e-13	2.06937846172e-13	1.46100812858e-13	1.16696154239e-13
ACCESS1-0	sconcbc	0	8.52646e-14	8.04571e-09	2.46877e-11	5.13363e-11	kg m-3
ACCESS1-3	sconcbc	0	3.91329e-14	5.99765e-09	2.02729e-11	4.46772e-11	kg m-3
CSIRO-Mk3-6-0	sconcbc	0	1.31177e-13	7.75562e-09	2.44747e-11	4.50518e-11	kg m-3
CanESM2	sconcbc	2	7.84859e-15	5.18658e-09	3.41651e-11	5.40641e-11	kg m-3
GFDL-CM3	sconcbc	0	1.18219e-17	6.70599e-09	2.11376e-11	8.70416e-11	kg m-3
GFDL-ESM2G	sconcbc	2	1.49512e-16	4.49801e-10	1.24736e-12	3.75549e-12	kg m-3
GFDL-ESM2M	sconcbc	0	3.66961e-15	1.13261e-08	3.11205e-11	9.41911e-11	kg m-3
GISS-E2-H	sconcbc	0	7.35749e-15	1.04041e-08	2.60082e-11	6.69091e-11	kg m-3
GISS-E2-R	sconcbc	1	5.4267e-15	1.62376e-08	2.6557e-11	9.71355e-11	kg m-3
HadGEM2-CC	sconcbc	1	1.08251e-13	3.37681e-08	2.76011e-11	1.99831e-10	kg m-3
IPSL-CM5A-LR	sconcbc	2	2.2492e-15	2.65532e-09	1.71063e-11	2.89095e-11	kg m-3
IPSL-CM5A-MR	sconcbc	2	2.15984e-15	2.51081e-09	1.7275e-11	2.7219e-11	kg m-3
IPSL-CM5B-LR	sconcbc	2	2.2336e-15	2.64832e-09	1.69652e-11	2.9006e-11	kg m-3
MIROC-ESM	sconcbc	2	3.5182e-17	2.37779e-09	1.81113e-11	3.49635e-11	kg m-3
MIROC-ESM-CHEM	sconcbc	2	3.38836e-17	2.56781e-09	1.75204e-11	3.52421e-11	kg m-3
MIROC4h	sconcbc	1	1.27802e-18	1.80214e-08	4.05668e-11	9.43685e-11	kg m-3
MIROC5	sconcbc	0	1.19246e-16	7.37336e-09	1.225e-11	7.19151e-11	kg m-3
MRI-CGCM3	sconcbc	2	1.10481e-15	3.9106e-09	2.15023e-11	3.91776e-11	kg m-3
MRI-ESM1	sconcbc	2	1.01392e-15	3.55816e-09	2.16582e-11	3.82445e-11	kg m-3
NorESM1-M	sconcbc	2	3.17291e-14	4.49577e-09	1.85239e-11	3.45726e-11	kg m-3
NorESM1-ME	sconcbc	0	4.3934e-14	5.63064e-09	1.86182e-11	3.36753e-11	kg m-3
cluster	sconcbc	0	3.53906e-14	7.60287e-09	0	0	
cluster	sconcbc	1	3.78931e-14	2.26757e-08	0	0	
cluster	sconcbc	2	4.52323e-15	2.79715e-09	0	0	
__pctls__	ACCESS1-0	concso2	0	2.21973125181e-09	2.84068316092e-10	6.03429710713e-11	7.88015464513e-12	1.16351397375e-12	1.54600796581e-14	1.11423559506e-17	5.40657318055e-24	5.38733581518e-24
__pctls__	ACCESS1-3	concso2	0	1.95608399201e-09	2.62768389409e-10	5.1356198634e-11	8.48646782188e-12	2.30086316753e-12	1.88037047362e-14	1.35853590299e-17	2.15816250413e-24	2.14436029485e-24
__pctls__	CSIRO-Mk3-6-0	concso2	0	2.8795433038e-09	4.64451106047e-10	1.87790099443e-10	6.01376518028e-11	2.89878611566e-11	1.05439768245e-11	2.84050245754e-13	4.29451718192e-14	2.47762041604e-14
__pctls__	GFDL-CM3	concso2	0	2.50991809714e-09	2.68090264016e-10	5.41412002904e-11	7.96170171891e-12	7.98218586735e-15	1.1170313332e-20	9.99999968266e-21	9.99999968266e-21	9.99999968266e-21
__pctls__	HadGEM2-CC	concso2	0	2.80912763584e-09	3.66075801478e-10	5.84343589141e-11	3.9145341699e-12	1.10986864722e-14	3.42177933953e-20	5.14702639893e-22	3.16116266985e-27	3.16115544762e-27
__pctls__	HadGEM2-ES	concso2	0	3.92361644108e-09	6.60364645189e-10	1.06093638909e-10	1.13258359939e-11	1.43589120086e-12	3.94955276505e-14	3.41427198678e-17	2.07601753495e-28	2.65207775339e-29
__pctls__	MIROC-ESM	concso2	0	2.52714281369e-22	7.1727133631e-23	4.52091833425e-23	1.7907848579e-23	8.51641532616e-24	4.16576578676e-24	9.97243335247e-25	5.35623415181e-25	4.36183361611e-25
__pctls__	MIROC-ESM-CHEM	concso2	0	2.52182958622e-22	7.02670853183e-23	4.12164136479e-23	1.59553507854e-23	8.00461045668e-24	4.13125854558e-24	2.47073395022e-24	9.38154142522e-25	4.78902491854e-25
__pctls__	MIROC5	concso2	0	2.59039514705e-09	5.95421095206e-10	1.30742112622e-10	3.31450279549e-11	2.13836305434e-11	8.49440613335e-12	3.35339205406e-13	1.21556758054e-14	9.67089279616e-15
__pctls__	MRI-CGCM3	concso2	0	1.99511705612e-09	3.2062674904e-10	5.64940093838e-11	1.36210617438e-11	7.05432121138e-12	2.00303445705e-12	1.67187713801e-13	1.05442385475e-13	6.13945147264e-14
__pctls__	MRI-ESM1	concso2	0	1.12981654776e-09	1.32147209148e-10	4.74457652853e-11	1.62750180086e-11	7.81212030829e-12	2.73220646953e-12	7.13110576448e-13	4.35144517804e-13	2.78977248434e-13
__pctls__	NorESM1-M	concso2	0	1.2883269582e-09	1.73076718443e-10	4.14034480312e-11	1.01751441474e-11	3.9425620971e-12	4.30607164306e-14	1.9324571302e-16	1.27674658061e-16	1.1597584185e-16
__pctls__	NorESM1-ME	concso2	0	1.27934776756e-09	1.71636561214e-10	4.06049840453e-11	1.02446531076e-11	3.87716844307e-12	4.18839263572e-14	1.74702477003e-16	1.11923854553e-16	1.02082642718e-16
ACCESS1-0	concso2	1	4.04472e-25	1.62179e-07	8.45587e-12	6.80264e-11	1
ACCESS1-3	concso2	1	5.3442e-27	1.5322e-07	7.82869e-12	6.59611e-11	1
CSIRO-Mk3-6-0	concso2	0	7.25236e-15	3.60011e-08	1.87735e-11	1.59109e-10	1
GFDL-CM3	concso2	0	1e-20	4.51533e-08	7.96535e-12	5.09113e-11	1
HadGEM2-CC	concso2	1	3.1598e-27	1.46991e-07	8.00501e-12	4.07954e-11	1
HadGEM2-ES	concso2	1	0.0	1.48382e-07	1.1197e-11	8.08956e-11	1
MIROC-ESM	concso2	0	6.33876e-26	6.09464e-21	1.24341e-23	1.63076e-23	1
MIROC-ESM-CHEM	concso2	0	1.6482e-26	6.77815e-21	1.19466e-23	1.56458e-23	1
MIROC5	concso2	1	3.85416e-16	9.88355e-08	7.21372e-12	1.16578e-10	1
MRI-CGCM3	concso2	2	6.92514e-15	8.50475e-07	6.46684e-12	1.25312e-10	1
MRI-ESM1	concso2	2	1.4926e-14	8.39139e-07	9.03829e-12	1.53539e-10	1
NorESM1-M	concso2	0	5.62919e-17	2.78574e-08	7.0718e-12	3.70578e-11	1
NorESM1-ME	concso2	0	2.15138e-17	3.37138e-08	6.76584e-12	3.9788e-11	1
cluster	concso2	0	1.2217e-15	2.37876e-08	0	0	
cluster	concso2	1	7.70833e-17	1.41921e-07	0	0	
cluster	concso2	2	1.09256e-14	8.44807e-07	0	0	
__pctls__	ACCESS1-0	concso4	0	4.63295396602e-09	1.41319117075e-09	6.57003400295e-10	7.03514651049e-11	8.39541023506e-12	1.38812849019e-12	7.36806649086e-14	1.12349881324e-21	6.62919645632e-22
__pctls__	ACCESS1-3	concso4	0	4.82718577111e-09	1.25610118529e-09	5.0843461108e-10	4.97058765675e-11	2.38040929199e-12	4.60224469211e-13	1.9850204964e-14	2.49662400367e-22	1.44299643014e-22
__pctls__	CSIRO-Mk3-6-0	concso4	0	5.12539064523e-09	2.55531817928e-09	1.20441612239e-09	5.41435452028e-10	1.78525638717e-10	6.10970718462e-11	2.08805368829e-12	1.63947761617e-12	1.59946621919e-12
__pctls__	GFDL-CM3	concso4	0	3.60745705152e-09	1.66345960118e-09	6.07427107224e-10	1.52108974288e-11	2.43019851204e-14	8.54366823209e-16	2.34869378992e-17	3.14887384589e-18	3.09551964389e-18
__pctls__	GISS-E2-H	concso4	598	3.41001971971e-09	1.202417379e-09	4.69789235291e-10	1.14240079202e-10	3.29705785243e-11	6.34010673009e-13	2.70416718872e-17	3.02647161173e-18	2.57222637562e-18
__pctls__	GISS-E2-R	concso4	409	2.93634142778e-09	9.62445222963e-10	4.27723200608e-10	1.10765396855e-10	3.50209158548e-11	7.23916715147e-13	2.87544028227e-17	3.2314950019e-18	2.77054720121e-18
__pctls__	HadGEM2-CC	concso4	0	4.54739278322e-09	1.34944062979e-09	5.36645090865e-10	1.88841362252e-11	1.78149210878e-12	1.18231035652e-13	7.02981467193e-16	3.52371244426e-24	3.14887640976e-24
__pctls__	HadGEM2-ES	concso4	0	4.43624010216e-09	1.77871894103e-09	6.86899717661e-10	7.925774273e-11	9.95936492998e-12	1.51705751639e-12	7.69252500241e-14	2.18177707263e-21	1.34842899451e-21
__pctls__	IPSL-CM5A-LR	concso4	0	1.88221946035e-09	5.70329376226e-10	2.74283588897e-10	5.71892229753e-11	2.32085448949e-11	1.04139324253e-12	1.36726167768e-13	8.7965520149e-14	7.80353293919e-14
__pctls__	IPSL-CM5A-MR	concso4	0	2.38340145142e-09	6.01775738407e-10	2.69203194458e-10	6.03360634024e-11	2.55744050069e-11	1.01166537441e-12	1.40162018005e-13	1.03100694486e-13	9.78120274391e-14
__pctls__	IPSL-CM5B-LR	concso4	0	1.8662498967e-09	5.69889299223e-10	2.74298370823e-10	5.74420038445e-11	2.31723151951e-11	1.03942460921e-12	1.34908031876e-13	8.73250582088e-14	7.75199471129e-14
__pctls__	MIROC-ESM	concso4	0	6.5794690543e-10	3.4150915651e-10	1.6901738481e-10	3.78610710491e-11	2.43296771618e-11	6.5392922197e-12	8.37617524169e-13	1.88145472238e-13	7.87738912999e-14
__pctls__	MIROC-ESM-CHEM	concso4	0	7.02349509357e-10	3.73578131208e-10	1.85732933547e-10	7.17917756493e-11	2.84521538274e-11	7.69869617275e-12	9.23936599971e-13	2.34220306588e-13	9.50278233652e-14
__pctls__	MIROC4h	concso4	0	6.2862518353e-09	1.61411506383e-09	4.13289957812e-10	4.01958739731e-12	3.24255714916e-14	3.29432066665e-15	2.55235868896e-16	3.96318162973e-17	2.14278598237e-17
__pctls__	MIROC5	concso4	0	3.7085907405e-09	1.2161355567e-09	2.83922514666e-10	2.34871150306e-11	4.13353368461e-12	1.09693151914e-12	1.61900718797e-13	4.90857134534e-14	3.29574776893e-14
__pctls__	MRI-CGCM3	concso4	0	3.0525982242e-09	1.09408770321e-09	4.05304732831e-10	7.44500442199e-11	2.91883149595e-11	3.99203559749e-12	5.15405616389e-20	4.01918471532e-22	2.69333073832e-22
__pctls__	MRI-ESM1	concso4	0	5.12378868978e-09	1.6783195006e-09	4.91058863017e-10	8.11629296757e-11	3.54053635368e-11	4.27290619337e-12	1.6392965937e-18	1.88463678285e-20	7.04789573333e-21
__pctls__	NorESM1-M	concso4	0	1.01603225866e-09	2.88402640242e-10	1.05305762721e-10	2.63729686961e-11	8.96093160611e-12	2.06380309435e-12	1.13252082391e-14	1.39519320851e-15	3.31243986354e-16
__pctls__	NorESM1-ME	concso4	0	9.94645352748e-10	2.95116621279e-10	1.08144116578e-10	2.79948818033e-11	9.05050188439e-12	2.05348468806e-12	1.03578365376e-14	1.28797575793e-15	2.95482149958e-16
ACCESS1-0	concso4	1	3.70277e-22	8.22096e-08	6.35119e-11	4.43534e-10	kg m-3
ACCESS1-3	concso4	1	7.30573e-23	7.57655e-08	4.74133e-11	3.81384e-10	kg m-3
CSIRO-Mk3-6-0	concso4	0	1.3458e-12	2.29915e-08	1.51967e-10	6.10991e-10	kg m-3
GFDL-CM3	concso4	0	2.2134e-18	2.98942e-08	5.00072e-11	2.96093e-10	kg m-3
GISS-E2-H	concso4	0	1.95788e-18	2.66545e-08	5.88515311255e-11	2.00562920094e-10	kg m-3
GISS-E2-R	concso4	0	2.24913e-18	2.2622e-08	5.93778045034e-11	1.82223680189e-10	kg m-3
HadGEM2-CC	concso4	1	2.13478e-24	5.68226e-08	4.52973e-11	2.31224e-10	kg m-3
HadGEM2-ES	concso4	0	8.55806e-22	4.29056e-08	7.20405e-11	3.76289e-10	kg m-3
IPSL-CM5A-LR	concso4	0	4.74796e-14	1.41048e-08	3.56507e-11	1.38781e-10	kg m-3
IPSL-CM5A-MR	concso4	0	4.816e-14	1.47547e-08	3.51545e-11	1.78113e-10	kg m-3
IPSL-CM5B-LR	concso4	0	4.67724e-14	1.39921e-08	3.56058e-11	1.39046e-10	kg m-3
MIROC-ESM	concso4	0	1.02848e-14	7.43962e-09	3.70429e-11	4.17965e-11	kg m-3
MIROC-ESM-CHEM	concso4	0	1.10224e-14	6.16197e-09	4.90401e-11	5.43485e-11	kg m-3
MIROC4h	concso4	2	3.17931e-24	1.49435e-07	4.44233e-11	1.73895e-10	kg m-3
MIROC5	concso4	1	4.87253e-15	9.72669e-08	8.46825e-12	1.76332e-10	kg m-3
MRI-CGCM3	concso4	0	1.7074e-23	2.3362e-08	3.44043e-11	2.07538e-10	kg m-3
MRI-ESM1	concso4	1	1.3762e-21	8.15777e-08	4.2125e-11	2.30228e-10	kg m-3
NorESM1-M	concso4	0	2.32596e-17	7.21724e-09	1.51331e-11	5.35241e-11	kg m-3
NorESM1-ME	concso4	0	2.08773e-17	9.91783e-09	1.49944e-11	5.7096e-11	kg m-3
cluster	concso4	0	1.16121e-13	1.86168e-08	0	0	
cluster	concso4	1	9.74506e-16	7.87285e-08	0	0	
cluster	concso4	2	3.17931e-24	1.49435e-07	0	0	
__pctls__	CSIRO-Mk3-6-0	concoa	0	1.03408416052e-08	3.86045861944e-09	1.15777964993e-09	3.48524764604e-10	1.17902132502e-10	5.22986098872e-11	6.45657247285e-13	6.45657247285e-13	6.45657247285e-13
__pctls__	GFDL-ESM2G	concoa	0	9.34592918744e-09	2.70467696017e-09	9.33258212377e-10	1.39266893157e-10	2.6401472588e-11	4.09224732009e-12	6.02591411557e-13	3.23331872615e-13	3.05379626019e-13
__pctls__	GFDL-ESM2M	concoa	0	8.80932379355e-09	2.67461537473e-09	9.26829939185e-10	1.37913559045e-10	2.58239987554e-11	3.97806418882e-12	5.87176157306e-13	3.17413673741e-13	3.01138455779e-13
__pctls__	IPSL-CM5A-LR	concoa	0	3.66002632612e-09	1.15407077672e-09	2.27704662417e-10	4.18358936903e-11	1.00922228474e-11	5.72142126157e-13	1.08804265375e-13	8.37129844611e-14	6.99583179743e-14
__pctls__	IPSL-CM5A-MR	concoa	0	3.90668936912e-09	1.24826804393e-09	2.76556175183e-10	4.4843580238e-11	1.142408672e-11	5.79454358302e-13	1.07219107589e-13	8.82005717919e-14	6.89479328868e-14
__pctls__	IPSL-CM5B-LR	concoa	0	3.65796476309e-09	1.15577314719e-09	2.28176684491e-10	4.18047779553e-11	1.00756707665e-11	5.65487306774e-13	1.088155919e-13	8.27598537593e-14	6.97023073482e-14
__pctls__	MIROC-ESM	concoa	0	6.1907034199e-09	1.64849193629e-09	3.18415856182e-10	2.54420440878e-11	1.50406991549e-11	5.46576716179e-12	1.95395030722e-13	6.7972630071e-15	4.72971656923e-15
__pctls__	MIROC-ESM-CHEM	concoa	0	6.60044072909e-09	1.65754417358e-09	3.21376893153e-10	2.67818989642e-11	1.56337503707e-11	5.95523896038e-12	2.11107414305e-13	6.3242268698e-15	4.78454289432e-15
__pctls__	MIROC4h	concoa	0	5.59651243126e-09	1.09745035282e-09	1.64623766008e-10	1.5719537217e-12	4.35303797674e-13	1.24475652225e-13	3.36705244768e-16	4.14330285509e-17	3.19992536948e-17
__pctls__	MIROC5	concoa	0	7.6513268441e-09	1.84708790874e-09	4.46134476584e-10	2.59965946339e-11	8.45147736517e-12	2.96454842012e-12	1.30160381713e-13	6.92509256082e-15	6.44128703487e-15
__pctls__	MRI-CGCM3	concoa	0	4.09947843605e-09	9.57515099986e-10	1.70990480455e-10	1.18651579447e-11	2.00885781534e-12	7.27126200911e-14	3.81318015227e-21	6.09755823725e-25	3.59303759864e-27
__pctls__	MRI-ESM1	concoa	0	4.21848575494e-09	9.75051899776e-10	1.68644869597e-10	1.15933403285e-11	1.99582369945e-12	7.78891069412e-14	1.02487584191e-20	8.69328451331e-25	3.64449582132e-27
CSIRO-Mk3-6-0	concoa	0	6.45657e-13	1.48715e-07	2.47551e-10	5.45414e-10	kg m-3
GFDL-ESM2G	concoa	2	1.20436e-13	2.28531e-07	1.51475e-10	4.16647e-10	kg m-3
GFDL-ESM2M	concoa	2	1.2376e-13	2.21783e-07	1.50851e-10	3.82097e-10	kg m-3
IPSL-CM5A-LR	concoa	1	3.29019e-14	2.03897e-08	5.14349e-11	9.92911e-11	kg m-3
IPSL-CM5A-MR	concoa	1	3.03433e-14	3.77046e-08	5.17018e-11	1.58371e-10	kg m-3
IPSL-CM5B-LR	concoa	1	3.31432e-14	2.02739e-08	5.14812e-11	9.96125e-11	kg m-3
MIROC-ESM	concoa	1	5.62852e-16	2.74203e-08	6.74849e-11	1.76623e-10	kg m-3
MIROC-ESM-CHEM	concoa	1	6.6771e-16	2.56092e-08	6.86427e-11	1.7822e-10	kg m-3
MIROC4h	concoa	0	8.67591e-19	1.09945e-07	3.33186e-11	9.7528e-11	kg m-3
MIROC5	concoa	2	1.16681e-15	2.22761e-07	6.5042e-11	2.90124e-10	kg m-3
MRI-CGCM3	concoa	0	6.94528e-31	1.08341e-07	3.6961e-11	9.71467e-11	kg m-3
MRI-ESM1	concoa	0	1.97715e-30	1.2442e-07	3.80438e-11	9.29753e-11	kg m-3
cluster	concoa	0	1.61415e-13	1.22855e-07	0	0	
cluster	concoa	1	1.95238e-14	2.62795e-08	0	0	
cluster	concoa	2	8.17876e-14	2.24359e-07	0	0	
__pctls__	MIROC-ESM	conccn	0	271971943.808	84381925.2	26419938.5	3495734.21875	2311939.375	1029451.89062	145219.015625	58564.3769531	23938.4121094
__pctls__	MIROC-ESM-CHEM	conccn	0	293460555.776	88423221.92	27988797.6	5717578.8125	2960088.4375	1160475.34375	145958.683594	45064.3769531	19188.8710938
__pctls__	MIROC5	conccn	0	973949165.376	390920493.92	125317571.0	17018411.0	3740759.5	1193275.65625	241803.588672	61996.2508594	55810.1171875
__pctls__	NorESM1-M	conccn	0	6730263188.74	2086102327.04	801076515.2	350386728.0	196543364.0	71915755.0	574569.25	78726.0314844	18879.5265801
__pctls__	NorESM1-ME	conccn	0	6673930193.15	2049026947.2	799671417.6	359447428.0	200723412.0	69915007.0	522326.659375	72651.7874219	17461.2079551
MIROC-ESM	conccn	2	1214.22	2.803e+09	5.58052e+06	1.03466e+07	m-3
MIROC-ESM-CHEM	conccn	2	1426.44	2.97992e+09	6.45315e+06	1.12671e+07	m-3
MIROC5	conccn	0	2662.68	1.05494e+10	5.67916e+06	5.2572e+07	m-3
NorESM1-M	conccn	1	1360.12	7.2456e+10	2.31925e+08	4.22909e+08	m-3
NorESM1-ME	conccn	1	1298.4	7.57446e+10	2.34277e+08	4.31827e+08	m-3
cluster	conccn	0	2662.68	1.05494e+10	0	0	
cluster	conccn	1	1329.26	7.41003e+10	0	0	
cluster	conccn	2	1320.33	2.89146e+09	0	0	
__pctls__	ACCESS1-0	concdms	0	5.29546816369e-10	3.13612191077e-10	1.47105152018e-10	1.89577542033e-11	1.48068552861e-12	1.17377395451e-16	1.53512846493e-23	4.41395534807e-28	4.06311321844e-28
__pctls__	ACCESS1-3	concdms	0	5.45149821368e-10	3.14855080064e-10	1.52246938667e-10	1.94521805347e-11	1.38522011786e-12	1.73759299861e-16	3.05275842516e-23	3.77544286331e-28	3.46180057491e-28
__pctls__	CSIRO-Mk3-6-0	concdms	0	5.88088640285e-10	2.81633348587e-10	1.71218870679e-10	2.13796532561e-11	1.76091571337e-12	2.50387068494e-14	1.09638742179e-18	9.70458944598e-19	8.75431083904e-19
__pctls__	GFDL-CM3	concdms	0	3.71051144546e-10	2.14997375875e-10	1.03178451547e-10	2.33485371879e-12	3.65034733234e-19	1.7644091778e-36	0.0	0.0	0.0
__pctls__	HadGEM2-CC	concdms	0	5.45763008897e-10	3.19055340342e-10	1.15141286089e-10	5.37706462472e-12	6.78673187956e-17	1.54126732697e-26	1.60926377926e-28	1.54595960271e-34	1.54567629078e-34
__pctls__	HadGEM2-ES	concdms	0	6.80575609924e-10	3.60269412636e-10	1.76507041622e-10	2.87215780673e-11	1.69563066929e-12	7.60119081825e-16	6.03667574537e-22	9.64503050661e-36	0.0
__pctls__	MIROC-ESM	concdms	0	1.72359301726e-22	9.90904734612e-23	5.16928674102e-23	7.00974108986e-24	8.17935347633e-25	1.67203691093e-26	3.41180343991e-32	1.40495607125e-34	5.32370084242e-35
__pctls__	MIROC-ESM-CHEM	concdms	0	1.58707336867e-22	9.13831729493e-23	4.83904574249e-23	6.62441502886e-24	6.77820868854e-25	1.25054964631e-26	2.44883749426e-33	1.64635422149e-36	1.25671145742e-36
__pctls__	MIROC5	concdms	0	9.63402280008e-10	9.14887082759e-10	8.5879755668e-10	7.93661053544e-10	7.47998635253e-10	6.70558199245e-10	4.69088452804e-10	3.08542730393e-10	2.18474595949e-10
__pctls__	MRI-CGCM3	concdms	0	3.72185384789e-10	1.85568086453e-10	7.85026205499e-11	5.49493019445e-12	3.53536331002e-14	1.0537893825e-33	0.0	0.0	0.0
__pctls__	MRI-ESM1	concdms	0	3.94370689674e-10	2.25638468049e-10	9.14400916097e-11	7.13288618708e-12	1.5538372184e-14	7.53922719368e-34	0.0	0.0	0.0
__pctls__	NorESM1-M	concdms	0	5.99612555746e-10	3.61816144684e-10	1.14392657673e-10	4.83418952655e-12	6.98057216008e-14	3.37727077732e-21	5.67443491554e-31	1.79019297448e-36	0.0
__pctls__	NorESM1-ME	concdms	0	6.37943892212e-10	3.69731369548e-10	1.12822301675e-10	4.68042211975e-12	6.838709388e-14	2.98195720439e-21	3.87509426342e-31	3.33277382519e-36	9.0099662152e-39
ACCESS1-0	concdms	2	0.0	8.64459e-09	1.27376e-11	4.68832e-11	1
ACCESS1-3	concdms	2	0.0	7.46591e-09	1.29991e-11	4.65258e-11	1
CSIRO-Mk3-6-0	concdms	2	8.09388e-19	6.82775e-09	1.28712e-11	5.15194e-11	1
GFDL-CM3	concdms	2	0.0	6.52937e-09	4.97804e-12	2.98153e-11	1
HadGEM2-CC	concdms	1	1.38291e-34	4.45208e-09	1.20814e-11	3.01807e-11	1
HadGEM2-ES	concdms	1	0.0	4.79446e-09	2.17916e-11	5.19251e-11	1
MIROC-ESM	concdms	0	1.84409e-37	4.62572e-22	7.7372e-24	1.11987e-23	1
MIROC-ESM-CHEM	concdms	0	4.70483e-40	4.26469e-22	7.08394e-24	1.06184e-23	1
MIROC5	concdms	0	2.07244e-15	1.16252e-09	7.58231e-11	7.49895e-10	1
MRI-CGCM3	concdms	1	0.0	3.99446e-09	7.73376e-12	2.26922e-11	1
MRI-ESM1	concdms	1	0.0	4.48229e-09	8.8332e-12	2.63309e-11	1
NorESM1-M	concdms	2	0.0	9.2392e-09	9.45981e-12	3.64825e-11	1
NorESM1-ME	concdms	2	0.0	7.3028e-09	9.51711e-12	3.55666e-11	1
cluster	concdms	0	6.90812e-16	3.87508e-10	0	0	
cluster	concdms	1	3.45727e-35	4.43082e-09	0	0	
cluster	concdms	2	1.34898e-19	7.66827e-09	0	0	
__pctls__	ACCESS1-0	sconcss	0	1.45523786074e-07	1.31951631275e-07	1.1446472481e-07	8.20102599164e-08	5.34382227357e-08	0.0	0.0	0.0	0.0
__pctls__	ACCESS1-3	sconcss	0	1.44368766399e-07	1.30321945022e-07	1.14284464736e-07	8.25305512819e-08	5.36429940468e-08	0.0	0.0	0.0	0.0
__pctls__	CanESM2	sconcss	0	1.00597483794e-07	8.87654733006e-08	6.99302590945e-08	2.57342942511e-08	7.18478454509e-09	2.2644080222e-09	4.2604505826e-10	1.40305148055e-10	3.94161974431e-11
__pctls__	GFDL-CM3	sconcss	0	6.34016018175e-08	5.39174896019e-08	4.22191393845e-08	1.93094134016e-08	9.13180708828e-09	4.9706293942e-10	3.63848253826e-12	6.01273058578e-13	2.11670305686e-13
__pctls__	GFDL-ESM2G	sconcss	0	2.33058276333e-09	2.06140262748e-09	1.76051248024e-09	9.26534987622e-10	2.89805186793e-10	5.20302277825e-11	7.55704023664e-12	5.66659606824e-12	3.59735314909e-12
__pctls__	GFDL-ESM2M	sconcss	0	5.81190514559e-08	5.14171112442e-08	4.38972062256e-08	2.30516610245e-08	7.1982710903e-09	1.30771753148e-09	1.87809306995e-10	1.41831542899e-10	8.92635121964e-11
__pctls__	GISS-E2-H	sconcss	0	3.7275983372e-08	3.20810020149e-08	2.70728943264e-08	1.70420142442e-08	5.09270503546e-09	1.18670115401e-09	2.94603812873e-10	1.26932122799e-10	4.90403749866e-11
__pctls__	GISS-E2-R	sconcss	0	3.67338849827e-08	3.22736294933e-08	2.77505458168e-08	1.74754415383e-08	5.29285704154e-09	1.22930761404e-09	3.16664239969e-10	1.36795444416e-10	5.2127827407e-11
__pctls__	HadGEM2-CC	sconcss	0	1.43265214959e-07	1.29457960583e-07	1.13191399542e-07	8.26450694547e-08	5.734992925e-08	0.0	0.0	0.0	0.0
__pctls__	IPSL-CM5A-LR	sconcss	0	2.17470118571e-07	1.89458654276e-07	1.40225830947e-07	4.71488199594e-08	1.47575824894e-08	7.23624195287e-10	1.90729123033e-11	7.65405861521e-12	5.10154290665e-12
__pctls__	IPSL-CM5A-MR	sconcss	0	2.14994544635e-07	1.87124738602e-07	1.38762243651e-07	4.64386182841e-08	1.50909329477e-08	7.74383848712e-10	2.25940981202e-11	7.82681806952e-12	5.46901166346e-12
__pctls__	IPSL-CM5B-LR	sconcss	0	2.08608162957e-07	1.82331528009e-07	1.37484104101e-07	4.6932582709e-08	1.47247773974e-08	7.16320898431e-10	1.88935722536e-11	7.58570138128e-12	5.0661671852e-12
__pctls__	MIROC-ESM	sconcss	0	2.70927119432e-08	2.3073629869e-08	1.6919106427e-08	7.42296624168e-09	1.69591393706e-09	8.97838799835e-11	9.55368325683e-13	7.45790453319e-14	6.36075698677e-14
__pctls__	MIROC-ESM-CHEM	sconcss	0	2.73206942367e-08	2.28391544432e-08	1.71570335716e-08	7.57498885839e-09	1.71325903464e-09	9.32681735663e-11	9.53631975904e-13	8.91831435632e-14	6.25175502729e-14
__pctls__	MIROC4h	sconcss	0	4.00234863722e-08	3.35321848688e-08	2.66464086351e-08	1.546382844e-08	9.51962197959e-09	3.55374910055e-10	7.71161453312e-15	7.71161453312e-15	7.71161453312e-15
__pctls__	MIROC5	sconcss	0	1.56668984195e-08	1.2515622827e-08	9.65324173929e-09	4.82162776372e-09	1.65248337236e-09	7.07611877079e-11	1.09283063284e-12	6.06615045739e-14	2.42567959127e-14
__pctls__	MRI-CGCM3	sconcss	0	6.96905615278e-08	5.84261732151e-08	4.7437783568e-08	2.59686454562e-08	5.43536915476e-09	5.31084377864e-10	1.41316465474e-10	6.92922553364e-11	2.41570283568e-11
__pctls__	MRI-ESM1	sconcss	0	6.82287707328e-08	5.77464583884e-08	4.74203939227e-08	2.64326069921e-08	5.52292755973e-09	5.4263521454e-10	1.47615736301e-10	6.22361831515e-11	2.32112977944e-11
__pctls__	NorESM1-M	sconcss	0	6.97758173089e-08	5.43065437597e-08	4.19848881883e-08	2.03229804097e-08	3.76780096012e-09	3.32508610923e-10	4.56318435295e-11	1.60208379028e-11	8.64408758195e-13
__pctls__	NorESM1-ME	sconcss	0	6.80401721986e-08	5.33063699315e-08	4.16672930825e-08	2.00041405662e-08	3.4175243746e-09	3.26856389177e-10	3.88995861564e-11	1.5076977878e-11	8.04370306446e-13
ACCESS1-0	sconcss	1	0.0	1.94939e-07	4.38129e-08	4.73079e-08	kg m-3
ACCESS1-3	sconcss	1	0.0	1.72833e-07	4.40246e-08	4.76723e-08	kg m-3
CanESM2	sconcss	1	1.14172e-12	1.46954e-07	1.64601e-08	1.96902e-08	kg m-3
GFDL-CM3	sconcss	1	5.50508e-15	1.68625e-07	1.08216e-08	1.47362e-08	kg m-3
GFDL-ESM2G	sconcss	0	1.32872e-12	2.91133e-09	5.16152e-10	5.8584e-10	kg m-3
GFDL-ESM2M	sconcss	0	2.65542e-11	8.69618e-08	1.28585e-08	1.4641e-08	kg m-3
GISS-E2-H	sconcss	0	6.71557e-12	5.94537e-08	8.52286e-09	1.06399e-08	kg m-3
GISS-E2-R	sconcss	0	7.64446e-12	5.94091e-08	8.64933e-09	1.08393e-08	kg m-3
HadGEM2-CC	sconcss	1	0.0	1.92967e-07	4.40108e-08	4.84186e-08	kg m-3
IPSL-CM5A-LR	sconcss	2	3.71452e-12	2.84939e-07	3.16825e-08	3.4739e-08	kg m-3
IPSL-CM5A-MR	sconcss	2	3.65592e-12	3.11967e-07	3.21651e-08	3.45238e-08	kg m-3
IPSL-CM5B-LR	sconcss	2	3.67849e-12	2.74893e-07	3.16057e-08	3.43371e-08	kg m-3
MIROC-ESM	sconcss	0	1.89605e-15	4.52972e-08	4.14834e-09	4.9397e-09	kg m-3
MIROC-ESM-CHEM	sconcss	0	1.87098e-15	4.61147e-08	4.27679e-09	4.98634e-09	kg m-3
MIROC4h	sconcss	0	5.81651e-16	7.75312e-08	9.47073e-09	1.07846e-08	kg m-3
MIROC5	sconcss	0	1.22173e-15	4.17661e-08	2.54701e-09	3.2843e-09	kg m-3
MRI-CGCM3	sconcss	1	1.3425e-12	1.25922e-07	1.26102e-08	1.60248e-08	kg m-3
MRI-ESM1	sconcss	1	8.43486e-13	1.18194e-07	1.27055e-08	1.62167e-08	kg m-3
NorESM1-M	sconcss	2	2.76105e-14	2.34469e-07	1.05463e-08	1.3321e-08	kg m-3
NorESM1-ME	sconcss	2	4.21808e-14	2.38789e-07	1.034e-08	1.29873e-08	kg m-3
cluster	sconcss	0	5.28107e-12	5.24306e-08	0	0	
cluster	sconcss	1	4.76173e-13	1.60062e-07	0	0	
cluster	sconcss	2	2.22374e-12	2.69011e-07	0	0	
__pctls__	ACCESS1-0	sconcso4	0	2.19058722595e-09	1.41996827685e-09	9.51923570525e-10	4.50504630128e-10	2.10645112464e-10	1.13892857818e-11	3.65545187707e-13	1.75949207461e-13	1.23450098614e-13
__pctls__	ACCESS1-3	sconcso4	0	2.04989302111e-09	1.15796414124e-09	7.75025839339e-10	3.43224195593e-10	1.81974046942e-10	1.16202128215e-11	7.98576845249e-14	2.2553935436e-14	1.10035018588e-14
__pctls__	CSIRO-Mk3-6-0	sconcso4	0	2.22417519247e-09	1.28590565751e-09	9.28335897044e-10	4.80477879705e-10	3.35194982881e-10	2.00008898332e-10	1.1377210285e-10	9.12390163421e-11	6.74887310481e-11
__pctls__	CanESM2	sconcso4	0	3.65252600387e-09	1.77718477712e-09	8.71742014685e-10	3.64759430993e-10	2.50347000075e-10	1.79347188142e-10	1.28796130011e-10	1.06144825048e-10	7.52573611797e-11
__pctls__	GFDL-CM3	sconcso4	0	6.35939353422e-09	4.08217603054e-09	2.25805368292e-09	7.98967975113e-10	3.98756652698e-10	8.44993536947e-11	7.1241924442e-13	5.18176643697e-14	1.9255390196e-14
__pctls__	GFDL-ESM2G	sconcso4	0	2.69508010894e-10	1.58409453055e-10	8.25119429379e-11	3.16000624105e-11	1.44168396839e-11	4.93806265409e-12	1.08433076699e-12	8.17798334206e-13	7.43099096471e-13
__pctls__	GFDL-ESM2M	sconcso4	0	5.3678237466e-09	2.91083110171e-09	1.56198046997e-09	6.99113766878e-10	3.35791096318e-10	1.08431286519e-10	2.70216876652e-11	2.07077610701e-11	1.87044457171e-11
__pctls__	GISS-E2-H	sconcso4	0	5.32817529653e-09	2.37377603018e-09	1.06513376175e-09	4.39609088715e-10	2.27623111332e-10	9.56455028026e-11	3.32002912141e-11	2.56665791051e-11	2.24326903312e-11
__pctls__	GISS-E2-R	sconcso4	0	5.66985399075e-09	2.82532118479e-09	1.20425335259e-09	4.66215600847e-10	2.4133402915e-10	9.45057148857e-11	3.94996222362e-11	3.21234959987e-11	2.7165461219e-11
__pctls__	HadGEM2-CC	sconcso4	0	6.9347590248e-09	2.9682750724e-09	1.28113014641e-09	5.59198055916e-10	2.71269208485e-10	2.04755943103e-11	7.47417255311e-13	3.64659810865e-13	2.66462298637e-13
__pctls__	IPSL-CM5A-LR	sconcso4	0	9.82917130188e-10	4.18641138422e-10	3.13313260752e-10	1.9201469928e-10	1.13356627904e-10	4.44696415108e-11	1.617182473e-11	1.30884020852e-11	1.06579624835e-11
__pctls__	IPSL-CM5A-MR	sconcso4	0	9.50745357775e-10	4.04131008797e-10	3.02242260386e-10	1.85442191117e-10	1.18031528995e-10	4.51540948729e-11	1.8539247958e-11	1.41820245521e-11	1.23226646799e-11
__pctls__	IPSL-CM5B-LR	sconcso4	0	9.82502573743e-10	4.19770035398e-10	3.13626152826e-10	1.92641205071e-10	1.13059426404e-10	4.43417902223e-11	1.61214167016e-11	1.29394011781e-11	1.05918511939e-11
__pctls__	MIROC-ESM	sconcso4	0	1.34223741965e-09	5.3436596259e-10	3.66274233859e-10	1.97944018815e-10	8.10023367825e-11	7.87680023203e-12	1.80116961927e-13	6.73350027266e-14	4.48271604434e-14
__pctls__	MIROC-ESM-CHEM	sconcso4	0	1.45674171742e-09	5.80678049256e-10	4.00792703192e-10	2.16094463504e-10	8.77232713553e-11	9.10002628807e-12	2.11505692246e-13	9.28015124598e-14	6.907685822e-14
__pctls__	MIROC4h	sconcso4	0	1.71901582311e-08	5.84367924716e-09	1.89103632753e-09	4.30330465706e-10	1.94426821865e-10	2.04889881103e-11	2.85974601908e-17	2.85974601908e-17	2.85974601908e-17
__pctls__	MIROC5	sconcso4	0	4.61309703548e-09	2.22710174413e-09	6.46215136957e-10	1.01601244779e-10	2.41305161616e-11	5.1417247196e-12	2.75816248638e-13	9.43526703436e-14	5.9971870677e-14
__pctls__	MRI-CGCM3	sconcso4	0	3.19569355622e-09	1.30643696861e-09	7.4081212692e-10	3.24661787038e-10	1.28656866411e-10	2.43234601297e-11	3.66964861276e-12	2.83834168842e-12	2.43894200094e-12
__pctls__	MRI-ESM1	sconcso4	0	2.48929263058e-09	1.22663962987e-09	6.36711589008e-10	2.74128879318e-10	1.11829894303e-10	2.98635864301e-11	3.88448541996e-12	3.16885989345e-12	2.86389424317e-12
__pctls__	NorESM1-M	sconcso4	0	1.03509142302e-09	4.56149140265e-10	1.68291541119e-10	7.03126524018e-11	3.50870148907e-11	1.93177379475e-11	8.8231471608e-12	6.83723818447e-12	4.27429922055e-12
__pctls__	NorESM1-ME	sconcso4	0	1.00427764654e-09	4.5631123588e-10	1.70894526308e-10	6.93306471261e-11	3.48592639129e-11	1.97889309106e-11	9.11603919521e-12	6.89924911038e-12	4.42946323197e-12
ACCESS1-0	sconcso4	2	6.03833e-15	2.96952e-08	2.04653e-10	3.92932e-10	kg m-3
ACCESS1-3	sconcso4	1	4.3614e-16	1.5574e-08	1.6377e-10	3.06267e-10	kg m-3
CSIRO-Mk3-6-0	sconcso4	1	1.89857e-11	6.75025e-09	2.7472e-10	5.32347e-10	kg m-3
CanESM2	sconcso4	1	1.3176e-11	9.0495e-09	2.57269e-10	4.81347e-10	kg m-3
GFDL-CM3	sconcso4	2	1.40925e-16	4.27573e-08	2.61237e-10	1.84396e-09	kg m-3
GFDL-ESM2G	sconcso4	1	1.17541e-13	8.67775e-10	1.70073e-11	5.27013e-11	kg m-3
GFDL-ESM2M	sconcso4	2	3.05613e-12	5.09443e-08	2.8429e-10	1.2309e-09	kg m-3
GISS-E2-H	sconcso4	2	5.56795e-12	2.67977e-08	1.9405e-10	6.67337e-10	kg m-3
GISS-E2-R	sconcso4	2	5.08803e-12	2.50434e-08	1.89904e-10	9.45729e-10	kg m-3
HadGEM2-CC	sconcso4	2	2.05371e-14	5.07308e-08	2.31722e-10	1.13581e-09	kg m-3
IPSL-CM5A-LR	sconcso4	1	3.30463e-12	2.98751e-09	1.10609e-10	1.62803e-10	kg m-3
IPSL-CM5A-MR	sconcso4	1	3.83518e-12	2.94137e-09	1.09706e-10	1.56757e-10	kg m-3
IPSL-CM5B-LR	sconcso4	1	3.26344e-12	2.93897e-09	1.10825e-10	1.62179e-10	kg m-3
MIROC-ESM	sconcso4	1	1.52691e-14	7.43962e-09	1.0861e-10	1.37707e-10	kg m-3
MIROC-ESM-CHEM	sconcso4	1	1.49497e-14	6.16197e-09	1.16432e-10	1.50481e-10	kg m-3
MIROC4h	sconcso4	0	6.27768e-23	1.39558e-07	2.59604e-10	8.27815e-10	kg m-3
MIROC5	sconcso4	2	1.02284e-14	5.8809e-08	2.29697e-11	4.95258e-10	kg m-3
MRI-CGCM3	sconcso4	1	0.0	1.44732e-08	1.43467e-10	3.09358e-10	kg m-3
MRI-ESM1	sconcso4	1	6.34591e-13	1.46816e-08	1.28366e-10	2.57053e-10	kg m-3
NorESM1-M	sconcso4	1	6.67927e-13	4.98154e-09	4.499e-11	7.71615e-11	kg m-3
NorESM1-ME	sconcso4	1	8.93641e-13	8.02989e-09	4.29541e-11	7.59847e-11	kg m-3
cluster	sconcso4	0	6.27768e-23	1.39558e-07	0	0	
cluster	sconcso4	1	3.45457e-12	7.45209e-09	0	0	
cluster	sconcso4	2	1.96415e-12	4.06825e-08	0	0	
